ID,Source,Sentence_ID,Entry_ID,Word_Index,Segment_Cherokee,Segment_English,Notes
1,ced,1,203,1,,,
2,ced,2,204,1,,,
3,ced,3,205,1,,,
4,ced,4,206,4,,,
5,ced,5,207,2,,,
6,ced,6,208,3,,,
7,ced,7,209,3,,,
8,ced,8,210,2,,,
9,ced,9,211,0,,,
10,ced,10,212,0,,,
11,ced,11,213,2,,,
12,ced,12,214,0,,,
13,ced,13,214,0,,,
14,ced,14,215,0,,,
15,ced,15,216,2,,,
16,ced,16,217,1,,,
17,ced,17,218,3,,,
18,ced,18,219,0,,,
19,ced,19,220,2,,,
20,ced,20,221,5,,,
21,ced,21,222,3,,,
22,ced,22,223,0,,,
23,ced,23,224,0,,,
24,ced,24,224,2,,,
25,ced,25,225,3,,,
26,ced,26,226,3,,,
27,ced,27,227,6,,,
28,ced,28,228,4,,,
29,ced,29,229,3,,,
30,ced,30,230,3,,,
31,ced,31,231,1,,,
32,ced,32,232,2,,,
33,ced,33,233,1,,,
34,ced,34,234,0,,,
35,ced,35,235,3,,,
36,ced,36,236,2,,,
37,ced,37,237,4,,,
38,ced,38,238,0,,,
39,ced,39,239,1,,,
40,ced,40,240,2,,,
41,ced,41,241,0,,,
42,ced,42,242,2,,,
43,ced,43,243,1,,,
44,ced,44,244,2,,,
45,ced,45,245,3,,,
46,ced,46,246,2,,,
47,ced,47,247,3,,,
48,ced,48,248,6,,,
49,ced,49,249,4,,,
50,ced,50,250,0,,,
51,ced,51,251,2,,,
52,ced,52,252,1,,,
53,ced,53,253,3,,,
54,ced,54,254,2,,,
55,ced,55,255,0,,,
56,ced,56,256,0,,,
57,ced,57,257,0,,,
58,ced,58,258,0,,,
59,ced,59,259,1,,,
60,ced,60,260,5,,,
61,ced,61,261,4,,,
62,ced,62,262,2,,,
63,ced,63,263,1,,,
64,ced,64,264,0,,,
65,ced,65,265,2,,,
66,ced,66,266,5,,,
67,ced,67,267,0,,,
68,ced,68,268,1,,,
69,ced,69,269,0,,,
70,ced,70,270,0,,,
71,ced,71,271,3,,,
72,ced,72,272,0,,,
73,ced,73,273,1,,,
74,ced,74,274,4,,,
75,ced,75,275,1,,,
76,ced,76,276,3,,,
77,ced,77,277,3,,,
78,ced,78,278,2,,,
79,ced,79,279,1,,,
80,ced,80,280,2,,,
81,ced,81,281,4,,,
82,ced,82,282,3,,,
83,ced,83,283,0,,,
84,ced,84,284,2,,,
85,ced,85,285,3,,,
86,ced,86,286,0,,,
87,ced,87,287,0,,,
88,ced,88,288,2,,,
89,ced,89,289,1,,,
90,ced,90,290,2,,,
91,ced,91,291,0,,,
92,ced,92,292,1,,,
93,ced,93,293,0,,,
94,ced,94,294,2,,,
95,ced,95,295,2,,,
96,ced,96,296,1,,,
97,ced,97,297,2,,,
98,ced,98,298,1,,,
99,ced,99,299,2,,,
100,ced,100,300,2,,,
101,ced,101,301,1,,,
102,ced,102,302,3,,,
103,ced,103,303,0,,,
104,ced,104,304,1,,,
105,ced,105,305,0,,,
106,ced,106,306,2,,,
107,ced,107,307,2,,,
108,ced,108,308,1,,,
109,ced,109,309,1,,,
110,ced,110,310,3,,,
111,ced,111,311,0,,,
112,ced,112,312,2,,,
113,ced,113,312,2,,,
114,ced,114,313,3,,,
115,ced,115,314,1,,,
116,ced,116,315,1,,,
117,ced,117,316,2,,,
118,ced,118,316,3,,,
119,ced,119,317,1,,,
120,ced,120,318,1,,,
121,ced,121,319,0,,,
122,ced,122,320,1,,,
123,ced,123,321,2,,,
124,ced,124,322,1,,,
125,ced,125,323,3,,,
126,ced,126,324,0,,,
127,ced,127,325,0,,,
128,ced,128,326,1,,,
129,ced,129,327,0,,,
130,ced,130,328,2,,,
131,ced,131,329,1,,,
132,ced,132,331,2,,,
133,ced,133,332,5,,,
134,ced,134,332,4,,,
135,ced,135,333,2,,,
136,ced,136,334,3,,,
137,ced,137,335,2,,,
138,ced,138,336,1,,,
139,ced,139,337,4,,,
140,ced,140,338,3,,,
141,ced,141,339,2,,,
142,ced,142,340,2,,,
143,ced,143,341,0,,,
144,ced,144,342,1,,,
145,ced,145,342,3,,,
146,ced,146,343,0,,,
147,ced,147,344,3,,,
148,ced,148,345,2,,,
149,ced,149,346,0,,,
150,ced,150,347,1,,,
151,ced,151,348,4,,,
152,ced,152,349,1,,,
153,ced,153,350,2,,,
154,ced,154,351,4,,,
155,ced,155,352,2,,,
156,ced,156,352,2,,,
157,ced,157,353,2,,,
158,ced,158,354,2,,,
159,ced,159,355,2,,,
160,ced,160,356,4,,,
161,ced,161,357,2,,,
162,ced,162,359,3,,,
163,ced,163,360,0,,,
164,ced,164,361,0,,,
165,ced,165,362,0,,,
166,ced,166,363,2,,,
167,ced,167,364,3,,,
168,ced,168,365,2,,,
169,ced,169,366,3,,,
170,ced,170,367,3,,,
171,ced,171,368,2,,,
172,ced,172,369,2,,,
173,ced,173,370,0,,,
174,ced,174,371,1,,,
175,ced,175,372,3,,,
176,ced,176,373,1,,,
177,ced,177,374,3,,,
178,ced,178,375,1,,,
179,ced,179,376,3,,,
180,ced,180,377,2,,,
181,ced,181,378,3,,,
182,ced,182,379,0,,,
183,ced,183,380,5,,,
184,ced,184,381,3,,,
185,ced,185,382,2,,,
186,ced,186,383,4,,,
187,ced,187,384,3,,,
188,ced,188,385,1,,,
189,ced,189,386,0,,,
190,ced,190,387,2,,,
191,ced,191,388,1,,,
192,ced,192,389,0,,,
193,ced,193,390,6,,,
194,ced,194,391,3,,,
195,ced,195,392,1,,,
196,ced,196,393,3,,,
197,ced,197,394,5,,,
198,ced,198,395,2,,,
199,ced,199,396,2,,,
200,ced,200,397,2,,,
201,ced,201,398,2,,,
202,ced,202,399,1,,,
203,ced,203,400,5,,,
204,ced,204,401,4,,,
205,ced,205,401,3,,,
206,ced,206,402,1,,,
207,ced,207,403,2,,,
208,ced,208,404,0,,,
209,ced,209,405,2,,,
210,ced,210,406,3,,,
211,ced,211,407,5,,,
212,ced,212,408,2,,,
213,ced,213,409,0,,,
214,ced,214,410,0,,,
215,ced,215,411,1,,,
216,ced,216,412,3,,,
217,ced,217,413,1,,,
218,ced,218,414,1,,,
219,ced,219,415,1,,,
220,ced,220,416,0,,,
221,ced,221,417,1,,,
222,ced,222,418,1,,,
223,ced,223,419,0,,,
224,ced,224,420,3,,,
225,ced,225,420,1,,,
226,ced,226,421,1,,,
227,ced,227,422,5,,,
228,ced,228,423,3,,,
229,ced,229,424,2,,,
230,ced,230,425,1,,,
231,ced,231,425,1,,,
232,ced,232,426,2,,,
233,ced,233,427,1,,,
234,ced,234,428,3,,,
235,ced,235,429,1,,,
236,ced,236,430,1,,,
237,ced,237,431,0,,,
238,ced,238,432,3,,,
239,ced,239,433,1,,,
240,ced,240,433,3,,,
241,ced,241,434,0,,,
242,ced,242,435,2,,,
243,ced,243,436,2,,,
244,ced,244,437,1,,,
245,ced,245,438,1,,,
246,ced,246,439,2,,,
247,ced,247,440,2,,,
248,ced,248,441,2,,,
249,ced,249,442,0,,,
250,ced,250,443,4,,,
251,ced,251,444,3,,,
252,ced,252,445,1,,,
253,ced,253,446,0,,,
254,ced,254,447,1,,,
255,ced,255,448,0,,,
256,ced,256,449,3,,,
257,ced,257,449,1,,,
258,ced,258,450,2,,,
259,ced,259,451,0,,,
260,ced,260,452,"0,1",,,
261,ced,261,453,"0,1",,,
262,ced,262,454,0,,,
263,ced,263,455,1,,,
264,ced,264,456,0,,,
265,ced,265,457,0,,,
266,ced,266,458,3,,,
267,ced,267,459,2,,,
268,ced,268,460,3,,,
269,ced,269,461,2,,,
270,ced,270,463,0,,,
271,ced,271,464,0,,,
272,ced,272,465,3,,,
273,ced,273,466,3,,,
274,ced,274,467,2,,,
275,ced,275,468,1,,,
276,ced,276,469,4,,,
277,ced,277,470,0,,,
278,ced,278,471,0,,,
279,ced,279,472,2,,,
280,ced,280,473,0,,,
281,ced,281,474,4,,,
282,ced,282,475,2,,,
283,ced,283,476,2,,,
284,ced,284,477,0,,,
285,ced,285,478,0,,,
286,ced,286,479,0,,,
287,ced,287,480,1,,,
288,ced,288,481,3,,,
289,ced,289,482,1,,,
290,ced,290,482,3,,,
291,ced,291,483,3,,,
292,ced,292,484,2,,,
293,ced,293,485,2,,,
294,ced,294,486,3,,,
295,ced,295,487,1,,,
296,ced,296,488,0,,,
297,ced,297,489,0,,,
298,ced,298,490,2,,,
299,ced,299,491,0,,,
300,ced,300,492,2,,,
301,ced,301,493,1,,,
302,ced,302,494,2,,,
303,ced,303,495,2,,,
304,ced,304,496,1,,,
305,ced,305,497,1,,,
306,ced,306,498,1,,,
307,ced,307,499,2,,,
308,ced,308,500,2,,,
309,ced,309,501,2,,,
310,ced,310,502,2,,,
311,ced,311,502,0,,,
312,ced,312,503,2,,,
313,ced,313,504,"3,4",,,
314,ced,314,505,2,,,
315,ced,315,506,3,,,
316,ced,316,507,0,,,
317,ced,317,508,0,,,
318,ced,318,509,2,,,
319,ced,319,510,2,,,
320,ced,320,510,1,,,
321,ced,321,511,2,,,
322,ced,322,512,2,,,
323,ced,323,513,3,,,
324,ced,324,514,0,,,
325,ced,325,515,2,,,
326,ced,326,516,0,,,
327,ced,327,517,1,,,
328,ced,328,518,5,,,
329,ced,329,519,2,,,
330,ced,330,520,4,,,
331,ced,331,521,2,,,
332,ced,332,522,0,,,
333,ced,333,523,0,,,
334,ced,334,524,2,,,
335,ced,335,524,4,,,
336,ced,336,525,0,,,
337,ced,337,526,1,,,
338,ced,338,527,1,,,
339,ced,339,528,4,,,
340,ced,340,529,1,,,
341,ced,341,530,1,,,
342,ced,342,531,0,,,
343,ced,343,532,0,,,
344,ced,344,533,2,,,
345,ced,345,534,0,,,
346,ced,346,535,2,,,
347,ced,347,536,2,,,
348,ced,348,537,3,,,
349,ced,349,538,0,,,
350,ced,350,539,3,,,
351,ced,351,540,3,,,
352,ced,352,541,3,,,
353,ced,353,542,4,,,
354,ced,354,543,0,,,
355,ced,355,544,0,,,
356,ced,356,545,2,,,
357,ced,357,546,1,,,
358,ced,358,547,0,,,
359,ced,359,548,6,,,
360,ced,360,549,4,,,
361,ced,361,550,2,,,
362,ced,362,551,1,,,
363,ced,363,552,2,,,
364,ced,364,553,0,,,
365,ced,365,554,3,,,
366,ced,366,555,0,,,
367,ced,367,556,0,,,
368,ced,368,557,0,,,
369,ced,369,558,0,,,
370,ced,370,559,0,,,
371,ced,371,560,1,,,
372,ced,372,561,2,,,
373,ced,373,562,1,,,
374,ced,374,563,1,,,
375,ced,375,564,5,,,
376,ced,376,565,3,,,
377,ced,377,566,2,,,
378,ced,378,567,2,,,
379,ced,379,568,2,,,
380,ced,380,569,0,,,
381,ced,381,570,1,,,
382,ced,382,571,3,,,
383,ced,383,572,4,,,
384,ced,384,573,1,,,
385,ced,385,574,2,,,
386,ced,386,575,0,,,
387,ced,387,576,3,,,
388,ced,388,577,0,,,
389,ced,389,578,0,,,
390,ced,390,579,1,,,
391,ced,391,580,1,,,
392,ced,392,581,2,,,
393,ced,393,582,1,,,
394,ced,394,583,2,,,
395,ced,395,584,4,,,
396,ced,396,585,1,,,
397,ced,397,586,3,,,
398,ced,398,587,4,,,
399,ced,399,588,2,,,
400,ced,400,589,1,,,
401,ced,401,590,1,,,
402,ced,402,591,2,,,
403,ced,403,592,1,,,
404,ced,404,593,2,,,
405,ced,405,594,4,,,
406,ced,406,595,3,,,
407,ced,407,595,0,,,
408,ced,408,596,2,,,
409,ced,409,597,1,,,
410,ced,410,598,1,,,
411,ced,411,599,2,,,
412,ced,412,600,0,,,
413,ced,413,601,1,,,
414,ced,414,602,2,,,
415,ced,415,603,1,,,
416,ced,416,604,3,,,
417,ced,417,605,2,,,
418,ced,418,606,4,,,
419,ced,419,607,3,,,
420,ced,420,608,1,,,
421,ced,421,609,3,,,
422,ced,422,610,2,,,
423,ced,423,611,1,,,
424,ced,424,612,2,,,
425,ced,425,613,0,,,
426,ced,426,614,0,,,
427,ced,427,615,3,,,
428,ced,428,616,2,,,
429,ced,429,617,0,,,
430,ced,430,618,4,,,
431,ced,431,619,1,,,
432,ced,432,620,1,,,
433,ced,433,621,1,,,
434,ced,434,622,3,,,
435,ced,435,623,1,,,
436,ced,436,624,0,,,
437,ced,437,625,2,,,
438,ced,438,626,0,,,
439,ced,439,627,2,,,
440,ced,440,628,0,,,
441,ced,441,629,2,,,
442,ced,442,630,4,,,
443,ced,443,631,2,,,
444,ced,444,632,2,,,
445,ced,445,633,0,,,
446,ced,446,634,2,,,
447,ced,447,635,4,,,
448,ced,448,636,2,,,
449,ced,449,637,2,,,
450,ced,450,638,0,,,
451,ced,451,639,1,,,
452,ced,452,640,0,,,
453,ced,453,641,1,,,
454,ced,454,642,2,,,
455,ced,455,643,1,,,
456,ced,456,644,0,,,
457,ced,457,645,2,,,
458,ced,458,646,1,,,
459,ced,459,647,2,,,
460,ced,460,648,2,,,
461,ced,461,649,1,,,
462,ced,462,650,1,,,
463,ced,463,651,3,,,
464,ced,464,652,2,,,
465,ced,465,653,4,,,
466,ced,466,654,3,,,
467,ced,467,655,1,,,
468,ced,468,656,2,,,
469,ced,469,657,1,,,
470,ced,470,658,0,,,
471,ced,471,659,0,,,
472,ced,472,660,6,,,
473,ced,473,661,2,,,
474,ced,474,662,2,,,
475,ced,475,663,2,,,
476,ced,476,664,4,,,
477,ced,477,665,3,,,
478,ced,478,665,2,,,
479,ced,479,666,1,,,
480,ced,480,667,2,,,
481,ced,481,668,3,,,
482,ced,482,669,3,,,
483,ced,483,670,"0,1,2",,,
484,ced,484,671,2,,,
485,ced,485,672,4,,,
486,ced,486,673,3,,,
487,ced,487,674,3,,,
488,ced,488,675,3,,,
489,ced,489,676,3,,,
490,ced,490,677,2,,,
491,ced,491,678,3,,,
492,ced,492,679,2,,,
493,ced,493,680,2,,,
494,ced,494,681,1,,,
495,ced,495,682,0,,,
496,ced,496,683,1,,,
497,ced,497,684,0,,,
498,ced,498,685,2,,,
499,ced,499,686,2,,,
500,ced,500,687,1,,,
501,ced,501,688,1,,,
502,ced,502,689,2,,,
503,ced,503,690,6,,,
504,ced,504,691,0,,,
505,ced,505,692,1,,,
506,ced,506,693,2,,,
507,ced,507,694,1,,,
508,ced,508,695,2,,,
509,ced,509,696,0,,,
510,ced,510,697,2,,,
511,ced,511,698,0,,,
512,ced,512,699,3,,,
513,ced,513,700,3,,,
514,ced,514,701,0,,,
515,ced,515,702,3,,,
516,ced,516,703,2,,,
517,ced,517,704,1,,,
518,ced,518,705,2,,,
519,ced,519,706,3,,,
520,ced,520,707,3,,,
521,ced,521,708,0,,,
522,ced,522,709,3,,,
523,ced,523,710,0,,,
524,ced,524,711,3,,,
525,ced,525,712,7,,,
526,ced,526,713,1,,,
527,ced,527,714,2,,,
528,ced,528,715,1,,,
529,ced,529,716,1,,,
530,ced,530,717,2,,,
531,ced,531,718,2,,,
532,ced,532,719,3,,,
533,ced,533,720,1,,,
534,ced,534,720,3,,,
535,ced,535,721,2,,,
536,ced,536,722,1,,,
537,ced,537,723,3,,,
538,ced,538,724,2,,,
539,ced,539,725,0,,,
540,ced,540,725,0,,,
541,ced,541,726,4,,,
542,ced,542,727,3,,,
543,ced,543,728,3,,,
544,ced,544,729,3,,,
545,ced,545,730,2,,,
546,ced,546,731,3,,,
547,ced,547,732,2,,,
548,ced,548,733,2,,,
549,ced,549,734,0,,,
550,ced,550,735,1,,,
551,ced,551,736,4,,,
552,ced,552,737,1,,,
553,ced,553,738,2,,,
554,ced,554,739,2,,,
555,ced,555,740,3,,,
556,ced,556,741,1,,,
557,ced,557,742,0,,,
558,ced,558,743,0,,,
559,ced,559,744,0,,,
560,ced,560,748,3,,,
561,ced,561,749,"0,1",,,
562,ced,562,750,0,,,
563,ced,563,751,0,,,
564,ced,564,752,2,,,
565,ced,565,753,2,,,
566,ced,566,754,3,,,
567,ced,567,755,2,,,
568,ced,568,756,5,,,
569,ced,569,757,1,,,
570,ced,570,758,2,,,
571,ced,571,759,2,,,
572,ced,572,760,3,,,
573,ced,573,761,3,,,
574,ced,574,762,1,,,
575,ced,575,763,1,,,
576,ced,576,764,3,,,
577,ced,577,765,4,,,
578,ced,578,766,2,,,
579,ced,579,767,0,,,
580,ced,580,768,1,,,
581,ced,581,769,0,,,
582,ced,582,770,2,,,
583,ced,583,771,1,,,
584,ced,584,772,2,,,
585,ced,585,773,2,,,
586,ced,586,774,1,,,
587,ced,587,775,1,,,
588,ced,588,776,1,,,
589,ced,589,777,3,,,
590,ced,590,778,0,,,
591,ced,591,779,3,,,
592,ced,592,780,2,,,
593,ced,593,781,2,,,
594,ced,594,782,0,,,
595,ced,595,783,3,,,
596,ced,596,784,0,,,
597,ced,597,785,5,,,
598,ced,598,786,3,,,
599,ced,599,787,1,,,
600,ced,600,788,1,,,
601,ced,601,789,0,,,
602,ced,602,790,0,,,
603,ced,603,791,2,,,
604,ced,604,792,0,,,
605,ced,605,793,3,,,
606,ced,606,794,2,,,
607,ced,607,795,2,,,
608,ced,608,796,3,,,
609,ced,608,796,0,,,
610,ced,609,797,0,,,
611,ced,610,798,0,,,
612,ced,611,799,0,,,
613,ced,612,800,2,,,
614,ced,613,801,0,,,
615,ced,614,802,0,,,
616,ced,615,803,4,,,
617,ced,616,804,0,,,
618,ced,617,805,1,,,
619,ced,618,806,2,,,
620,ced,619,807,1,,,
621,ced,620,808,2,,,
622,ced,621,809,1,,,
623,ced,622,810,3,,,
624,ced,623,811,3,,,
625,ced,624,812,2,,,
626,ced,625,813,1,,,
627,ced,626,814,4,,,
628,ced,627,815,3,,,
629,ced,628,816,3,,,
630,ced,629,817,0,,,
631,ced,630,818,2,,,
632,ced,631,819,4,,,
633,ced,632,820,3,,,
634,ced,633,821,3,,,
635,ced,634,822,3,,,
636,ced,635,823,0,,,
637,ced,636,824,2,,,
638,ced,637,825,1,,,
639,ced,638,826,0,,,
640,ced,639,827,0,,,
641,ced,640,829,0,,,
642,ced,641,830,1,,,
643,ced,642,831,1,,,
644,ced,643,832,1,,,
645,ced,644,833,1,,,
646,ced,645,834,1,,,
647,ced,646,835,3,,,
648,ced,647,836,1,,,
649,ced,648,837,1,,,
650,ced,649,838,3,,,
651,ced,650,838,1,,,
652,ced,651,839,0,,,
653,ced,652,840,3,,,
654,ced,653,841,1,,,
655,ced,654,842,3,,,
656,ced,655,844,2,,,
657,ced,656,848,2,,,
658,ced,657,849,2,,,
659,ced,658,850,0,,,
660,ced,659,851,0,,,
661,ced,660,852,3,,,
662,ced,661,853,2,,,
663,ced,662,854,3,,,
664,ced,663,855,3,,,
665,ced,664,856,3,,,
666,ced,665,857,0,,,
667,ced,666,858,1,,,
668,ced,667,859,0,,,
669,ced,668,860,0,,,
670,ced,669,861,2,,,
671,ced,670,862,0,,,
672,ced,671,863,1,,,
673,ced,672,864,1,,,
674,ced,673,865,1,,,
675,ced,674,866,1,,,
676,ced,675,867,3,,,
677,ced,676,868,2,,,
678,ced,677,869,1,,,
679,ced,678,870,3,,,
680,ced,679,871,1,,,
681,ced,680,872,3,,,
682,ced,681,873,3,,,
683,ced,682,874,0,,,
684,ced,683,875,0,,,
685,ced,684,876,2,,,
686,ced,685,877,2,,,
687,ced,686,878,0,,,
688,ced,687,879,0,,,
689,ced,688,881,1,,,
690,ced,689,882,0,,,
691,ced,690,883,1,,,
692,ced,691,884,0,,,
693,ced,692,885,3,,,
694,ced,693,886,5,,,
695,ced,694,887,1,,,
696,ced,695,888,0,,,
697,ced,696,889,1,,,
698,ced,697,890,3,,,
699,ced,698,891,2,,,
700,ced,699,892,0,,,
701,ced,700,893,2,,,
702,ced,701,894,0,,,
703,ced,702,895,4,,,
704,ced,703,896,0,,,
705,ced,704,897,0,,,
706,ced,705,898,1,,,
707,ced,706,899,0,,,
708,ced,707,900,4,,,
709,ced,707,900,2,,,
710,ced,708,901,0,,,
711,ced,709,902,2,,,
712,ced,710,903,0,,,
713,ced,711,904,0,,,
714,ced,712,905,1,,,
715,ced,713,906,0,,,
716,ced,714,907,1,,,
717,ced,715,908,0,,,
718,ced,716,909,2,,,
719,ced,717,910,0,,,
720,ced,718,910,1,,,
721,ced,719,911,0,,,
722,ced,720,912,1,,,
723,ced,721,913,3,,,
724,ced,722,914,2,,,
725,ced,723,915,2,,,
726,ced,724,916,2,,,
727,ced,725,917,1,,,
728,ced,726,918,2,,,
729,ced,727,919,3,,,
730,ced,728,920,4,,,
731,ced,729,921,0,,,
732,ced,730,922,2,,,
733,ced,731,923,0,,,
734,ced,732,924,0,,,
735,ced,733,925,1,,,
736,ced,734,926,1,,,
737,ced,735,927,3,,,
738,ced,736,928,0,,,
739,ced,737,930,1,,,
740,ced,738,931,0,,,
741,ced,739,932,0,,,
742,ced,740,933,0,,,
743,ced,741,934,2,,,
744,ced,742,935,5,,,
745,ced,743,936,1,,,
746,ced,744,937,2,,,
747,ced,745,938,3,,,
748,ced,746,939,3,,,
749,ced,747,940,1,,,
750,ced,748,941,3,,,
751,ced,749,942,3,,,
752,ced,750,943,0,,,
753,ced,751,944,0,,,
754,ced,752,945,2,,,
755,ced,753,946,3,,,
756,ced,754,947,1,,,
757,ced,755,948,4,,,
758,ced,756,949,0,,,
759,ced,757,950,1,,,
760,ced,758,951,3,,,
761,ced,759,952,0,,,
762,ced,760,953,1,,,
763,ced,761,954,0,,,
764,ced,762,957,0,,,
765,ced,763,957,1,,,
766,ced,764,958,1,,,
767,ced,765,959,0,,,
768,ced,766,960,2,,,
769,ced,767,961,2,,,
770,ced,768,962,1,,,
771,ced,769,963,2,,,
772,ced,770,964,0,,,
773,ced,771,965,0,,,
774,ced,772,966,0,,,
775,ced,773,966,0,,,
776,ced,774,967,2,,,
777,ced,775,968,0,,,
778,ced,776,969,0,,,
779,ced,777,970,0,,,
780,ced,778,975,0,,,
781,ced,779,976,5,,,
782,ced,780,977,5,,,
783,ced,781,978,3,,,
784,ced,782,979,3,,,
785,ced,783,980,3,,,
786,ced,784,981,0,,,
787,ced,785,982,2,,,
788,ced,786,983,5,,,
789,ced,787,984,3,,,
790,ced,788,985,0,,,
791,ced,789,985,3,,,
792,ced,790,986,2,,,
793,ced,791,987,0,,,
794,ced,792,988,1,,,
795,ced,793,989,2,,,
796,ced,794,991,"0,1",,,
797,ced,795,993,2,,,
798,ced,796,994,2,,,
799,ced,797,995,3,,,
800,ced,798,996,0,,,
801,ced,799,997,0,,,
802,ced,800,998,3,,,
803,ced,801,999,2,,,
804,ced,801,880,0,,,
805,ced,802,1000,1,,,
806,ced,803,1001,"0,1",,,
807,ced,804,1002,2,,,
808,ced,805,1003,5,,,
809,ced,806,1004,2,,,
810,ced,807,1005,0,,,
811,ced,808,1006,2,,,
812,ced,809,1007,1,,,
813,ced,810,1008,3,,,
814,ced,811,1009,0,,,
815,ced,812,1010,3,,,
816,ced,813,1011,1,,,
817,ced,814,1012,0,,,
818,ced,815,1013,0,,,
819,ced,816,1014,2,,,
820,ced,817,1015,1,,,
821,ced,818,1016,0,,,
822,ced,819,1017,2,,,
823,ced,820,1018,1,,,
824,ced,821,1019,0,,,
825,ced,822,1020,1,,,
826,ced,823,1021,0,,,
827,ced,824,1022,3,,,
828,ced,825,1023,1,,,
829,ced,826,1024,4,,,
830,ced,827,1025,0,,,
831,ced,828,1026,1,,,
832,ced,829,1027,2,,,
833,ced,830,1028,2,,,
834,ced,831,1029,2,,,
835,ced,832,1030,2,,,
836,ced,833,1031,1,,,
837,ced,834,1032,1,,,
838,ced,835,1033,2,,,
839,ced,836,1034,2,,,
840,ced,837,1035,1,,,
841,ced,838,1036,1,,,
842,ced,839,1037,2,,,
843,ced,840,1038,3,,,
844,ced,841,1039,2,,,
845,ced,842,1040,5,,,
846,ced,843,1041,0,,,
847,ced,844,1042,3,,,
848,ced,845,1043,2,,,
849,ced,846,1044,2,,,
850,ced,847,1045,4,,,
851,ced,848,1046,2,,,
852,ced,849,1047,3,,,
853,ced,850,1048,2,,,
854,ced,851,1049,1,,,
855,ced,852,1050,2,,,
856,ced,853,1051,2,,,
857,ced,854,1052,1,,,
858,ced,855,1052,1,,,
859,ced,856,1053,5,,,
860,ced,857,1054,3,,,
861,ced,858,1055,0,,,
862,ced,859,1056,2,,,
863,ced,860,1057,3,,,
864,ced,861,1058,2,,,
865,ced,862,1059,2,,,
866,ced,863,1060,3,,,
867,ced,864,1061,3,,,
868,ced,865,1062,1,,,
869,ced,866,1063,2,,,
870,ced,867,1064,1,,,
871,ced,867,1406,0,,,
872,ced,868,1065,2,,,
873,ced,869,1066,0,,,
874,ced,870,1067,2,,,
875,ced,871,1068,0,,,
876,ced,872,1069,0,,,
877,ced,873,1070,0,,,
878,ced,874,1071,3,,,
879,ced,875,1072,4,,,
880,ced,875,1072,0,,,
881,ced,876,1073,0,,,
882,ced,877,1074,3,,,
883,ced,878,1075,1,,,
884,ced,879,1075,2,,,
885,ced,880,1076,1,,,
886,ced,881,1077,2,,,
887,ced,882,1078,3,,,
888,ced,883,1079,0,,,
889,ced,884,1080,4,,,
890,ced,885,1081,2,,,
891,ced,886,1082,3,,,
892,ced,887,1083,0,,,
893,ced,888,1084,1,,,
894,ced,889,1085,2,,,
895,ced,890,1086,1,,,
896,ced,891,1087,0,,,
897,ced,892,1088,0,,,
898,ced,893,1089,2,,,
899,ced,894,1090,1,,,
900,ced,895,1091,1,,,
901,ced,896,1092,3,,,
902,ced,897,1093,2,,,
903,ced,898,1094,2,,,
904,ced,899,1095,1,,,
905,ced,900,1096,1,,,
906,ced,901,1097,0,,,
907,ced,902,1098,1,,,
908,ced,903,1099,1,,,
909,ced,904,1100,2,,,
910,ced,905,1101,1,,,
911,ced,906,1102,0,,,
912,ced,907,1103,3,,,
913,ced,908,1104,1,,,
914,ced,909,1105,2,,,
915,ced,910,1106,4,,,
916,ced,911,1107,3,,,
917,ced,912,1108,2,,,
918,ced,913,1109,3,,,
919,ced,914,1110,3,,,
920,ced,915,1111,0,,,
921,ced,916,1112,2,,,
922,ced,917,1113,0,,,
923,ced,918,1114,1,,,
924,ced,919,1115,5,,,
925,ced,920,1116,2,,,
926,ced,921,1117,3,,,
927,ced,922,1118,1,,,
928,ced,923,1119,0,,,
929,ced,924,1120,2,,,
930,ced,925,1121,3,,,
931,ced,926,1122,3,,,
932,ced,927,1123,2,,,
933,ced,928,1124,3,,,
934,ced,929,1125,0,,,
935,ced,930,1126,0,,,
936,ced,931,1127,2,,,
937,ced,932,1128,2,,,
938,ced,933,1129,2,,,
939,ced,934,1130,3,,,
940,ced,935,1131,2,,,
941,ced,936,1132,2,,,
942,ced,937,1133,2,,,
943,ced,938,1135,2,,,
944,ced,939,1135,2,,,
945,ced,940,1136,0,,,
946,ced,941,1137,3,,,
947,ced,942,1138,0,,,
948,ced,943,1139,1,,,
949,ced,944,1140,3,,,
950,ced,945,1141,1,,,
951,ced,946,1142,2,,,
952,ced,947,1143,1,,,
953,ced,948,1144,1,,,
954,ced,949,1145,3,,,
955,ced,950,1146,0,,,
956,ced,951,1147,2,,,
957,ced,952,1148,2,,,
958,ced,953,1149,3,,,
959,ced,954,1150,1,,,
960,ced,955,1151,3,,,
961,ced,956,1152,0,,,
962,ced,957,1153,4,,,
963,ced,958,1154,0,,,
964,ced,959,1155,"0,1",,,
965,ced,960,1156,4,,,
966,ced,961,1157,5,,,
967,ced,962,1158,0,,,
968,ced,963,1159,1,,,
969,ced,964,1160,1,,,
970,ced,965,1161,2,,,
971,ced,966,1162,0,,,
972,ced,967,1163,0,,,
973,ced,968,1164,2,,,
974,ced,969,1165,0,,,
975,ced,970,1165,3,,,
976,ced,971,1166,0,,,
977,ced,972,1166,0,,,
978,ced,973,1167,3,,,
979,ced,974,1168,1,,,
980,ced,975,1169,2,,,
981,ced,976,1170,3,,,
982,ced,977,1171,1,,,
983,ced,978,1173,0,,,
984,ced,979,1174,2,,,
985,ced,980,1175,2,,,
986,ced,981,1176,0,,,
987,ced,982,1177,0,,,
988,ced,983,1178,0,,,
989,ced,984,1179,1,,,
990,ced,985,1179,1,,,
991,ced,986,1180,1,,,
992,ced,987,1181,"1,2",,,
993,ced,988,1182,"0,1",,,
994,ced,989,1183,1,,,
995,ced,990,1184,1,,,
996,ced,991,1185,4,,,
997,ced,992,1186,2,,,
998,ced,993,1187,1,,,
999,ced,994,1188,3,,,
1000,ced,995,1189,1,,,
1001,ced,996,1190,0,,,
1002,ced,997,1191,0,,,
1003,ced,998,1192,2,,,
1004,ced,999,1193,3,,,
1005,ced,1000,1194,1,,,
1006,ced,1001,1195,1,,,
1007,ced,1002,1196,2,,,
1008,ced,1003,1197,5,,,
1009,ced,1004,1198,3,,,
1010,ced,1005,1198,3,,,
1011,ced,1006,1199,2,,,
1012,ced,1007,1200,5,,,
1013,ced,1008,1201,1,,,
1014,ced,1009,1202,1,,,
1015,ced,1010,1203,3,,,
1016,ced,1011,1204,0,,,
1017,ced,1012,1205,2,,,
1018,ced,1013,1206,2,,,
1019,ced,1014,1207,0,,,
1020,ced,1015,1208,1,,,
1021,ced,1016,1209,0,,,
1022,ced,1017,1210,0,,,
1023,ced,1018,1211,2,,,
1024,ced,1019,1212,2,,,
1025,ced,1020,1212,3,,,
1026,ced,1021,1213,2,,,
1027,ced,1022,1214,0,,,
1028,ced,1023,1215,0,,,
1029,ced,1024,1216,2,,,
1030,ced,1025,1217,2,,,
1031,ced,1026,1218,2,,,
1032,ced,1027,1219,2,,,
1033,ced,1028,1220,2,,,
1034,ced,1029,1221,0,,,
1035,ced,1030,1222,"3,4",,,
1036,ced,1031,1223,0,,,
1037,ced,1032,1224,0,,,
1038,ced,1033,1225,0,,,
1039,ced,1034,1226,"0,1",,,
1040,ced,1035,1227,2,,,
1041,ced,1036,1228,0,,,
1042,ced,1037,1230,1,,,
1043,ced,1038,1231,1,,,
1044,ced,1039,1232,0,,,
1045,ced,1040,1233,0,,,
1046,ced,1040,1402,2,,,
1047,ced,1041,1234,0,,,
1048,ced,1042,1235,0,,,
1049,ced,1043,1235,0,,,
1050,ced,1044,1236,1,,,
1051,ced,1045,1237,7,,,
1052,ced,1046,1238,0,,,
1053,ced,1047,1239,0,,,
1054,ced,1048,1240,0,,,
1055,ced,1049,1241,2,,,
1056,ced,1050,1242,2,,,
1057,ced,1051,1243,3,,,
1058,ced,1052,1244,2,,,
1059,ced,1053,1245,0,,,
1060,ced,1054,1246,0,,,
1061,ced,1055,1247,3,,,
1062,ced,1056,1248,3,,,
1063,ced,1057,1249,4,,,
1064,ced,1058,1250,0,,,
1065,ced,1059,1251,4,,,
1066,ced,1060,1252,3,,,
1067,ced,1061,1253,1,,,
1068,ced,1062,1254,3,,,
1069,ced,1063,1255,1,,,
1070,ced,1064,1256,0,,,
1071,ced,1065,1257,5,,,
1072,ced,1066,1258,0,,,
1073,ced,1067,1259,2,,,
1074,ced,1068,1260,2,,,
1075,ced,1069,1261,2,,,
1076,ced,1070,1262,3,,,
1077,ced,1071,1263,0,,,
1078,ced,1072,1264,3,,,
1079,ced,1073,1265,2,,,
1080,ced,1074,1265,1,,,
1081,ced,1075,1265,0,,,
1082,ced,1076,1266,2,,,
1083,ced,1077,1266,0,,,
1084,ced,1078,1267,1,,,
1085,ced,1079,1268,0,,,
1086,ced,1080,1269,1,,,
1087,ced,1081,1270,1,,,
1088,ced,1082,1271,1,,,
1089,ced,1083,1272,0,,,
1090,ced,1084,1273,3,,,
1091,ced,1085,1274,2,,,
1092,ced,1086,1275,2,,,
1093,ced,1087,1276,2,,,
1094,ced,1088,1277,2,,,
1095,ced,1089,1278,0,,,
1096,ced,1090,1279,"0,1",,,
1097,ced,1091,1280,4,,,
1098,ced,1092,1281,3,,,
1099,ced,1093,1282,2,,,
1100,ced,1094,1283,2,,,
1101,ced,1095,1284,1,,,
1102,ced,1096,1285,2,,,
1103,ced,1097,1286,1,,,
1104,ced,1098,1286,1,,,
1105,ced,1099,1287,0,,,
1106,ced,1100,1288,1,,,
1107,ced,1101,1289,1,,,
1108,ced,1102,1291,1,,,
1109,ced,1103,1291,2,,,
1110,ced,1104,1292,2,,,
1111,ced,1105,1293,0,,,
1112,ced,1106,1294,4,,,
1113,ced,1107,1295,1,,,
1114,ced,1108,1296,1,,,
1115,ced,1109,1297,2,,,
1116,ced,1110,1298,2,,,
1117,ced,1111,1299,1,,,
1118,ced,1112,1300,3,,,
1119,ced,1113,1301,2,,,
1120,ced,1114,1302,1,,,
1121,ced,1115,1303,2,,,
1122,ced,1116,1304,2,,,
1123,ced,1117,1305,2,,,
1124,ced,1118,1306,1,,,
1125,ced,1119,1307,2,,,
1126,ced,1120,1308,3,,,
1127,ced,1121,1309,2,,,
1128,ced,1122,1310,0,,,
1129,ced,1123,1312,0,,,
1130,ced,1124,1313,5,,,
1131,ced,1125,1314,"1,2",,,
1132,ced,1126,1315,4,,,
1133,ced,1127,1316,0,,,
1134,ced,1128,1317,0,,,
1135,ced,1129,1318,"0,1",,,
1136,ced,1130,1319,0,,,
1137,ced,1131,1320,0,,,
1138,ced,1132,1321,"2,3",,,
1139,ced,1133,1322,"0,1",,,
1140,ced,1134,1324,"0,1",,,
1141,ced,1135,1325,1,,,
1142,ced,1136,1326,0,,,
1143,ced,1137,1327,0,,,
1144,ced,1138,1328,0,,,
1145,ced,1139,1328,1,,,
1146,ced,1140,1329,1,,,
1147,ced,1141,1330,0,,,
1148,ced,1142,1331,0,,,
1149,ced,1143,1332,1,,,
1150,ced,1144,1333,2,,,
1151,ced,1145,1334,1,,,
1152,ced,1146,1335,3,,,
1153,ced,1147,1336,0,,,
1154,ced,1148,1337,1,,,
1155,ced,1149,1339,1,,,
1156,ced,1150,1340,3,,,
1157,ced,1151,1341,0,,,
1158,ced,1152,1342,1,,,
1159,ced,1153,1343,2,,,
1160,ced,1154,1344,1,,,
1161,ced,1155,1345,4,,,
1162,ced,1156,1346,1,,,
1163,ced,1157,1347,1,,,
1164,ced,1158,1348,2,,,
1165,ced,1159,1350,0,,,
1166,ced,1160,1351,2,,,
1167,ced,1161,1352,0,,,
1168,ced,1162,1353,5,,,
1169,ced,1163,1354,0,,,
1170,ced,1164,1355,1,,,
1171,ced,1165,1356,0,,,
1172,ced,1166,1358,1,,,
1173,ced,1167,1359,1,,,
1174,ced,1168,1360,0,,,
1175,ced,1169,1361,0,,,
1176,ced,1170,1362,2,,,
1177,ced,1171,1363,2,,,
1178,ced,1172,1364,0,,,
1179,ced,1173,1365,0,,,
1180,ced,1174,1366,0,,,
1181,ced,1175,1367,1,,,
1182,ced,1176,1368,1,,,
1183,ced,1177,1369,1,,,
1184,ced,1178,1370,1,,,
1185,ced,1179,1371,1,,,
1186,ced,1180,1372,1,,,
1187,ced,1181,1372,1,,,
1188,ced,1182,1373,5,,,
1189,ced,1182,1373,1,,,
1190,ced,1183,1374,1,,,
1191,ced,1184,1375,1,,,
1192,ced,1185,1376,1,,,
1193,ced,1186,1377,1,,,
1194,ced,1187,1381,0,,,
1195,ced,1188,1382,2,,,
1196,ced,1189,1383,0,,,
1197,ced,1190,1385,0,,,
1198,ced,1191,1386,2,,,
1199,ced,1192,1387,2,,,
1200,ced,1193,1388,2,,,
1201,ced,1194,1389,0,,,
1202,ced,1195,1390,"0,1",,,
1203,ced,1196,1391,1,,,
1204,ced,1197,1392,0,,,
1205,ced,1198,1393,0,,,
1206,ced,1199,1394,"2,3",,,
1207,ced,1200,1395,"0,1",,,
1208,ced,1201,1396,"3,4",,,
1209,ced,1202,1397,0,,,
1210,ced,1203,1398,0,,,
1211,ced,1204,1399,0,,,
1212,ced,1205,1400,"0,1",,,
1213,ced,1206,1401,0,,,
1214,ced,1207,1403,2,,,
1215,ced,1208,1404,0,,,
1216,ced,1209,1405,1,,,
1217,ced,1210,1407,0,,,
1218,ced,1211,1408,2,,,
1219,ced,1212,1409,1,,,
1220,ced,1213,1410,1,,,
1221,ced,1214,1411,1,,,
1222,ced,1215,1412,0,,,
1223,ced,1216,1413,4,,,
1224,ced,1217,1414,0,,,
1225,ced,1218,1415,0,,,
1226,ced,1219,1416,0,,,
1227,ced,1220,1417,1,,,
1228,ced,1221,1418,0,,,
1229,ced,1222,1419,2,,,
1230,ced,1223,1420,1,,,
1231,ced,1224,1421,1,,,
1232,ced,1225,1422,0,,,
1233,ced,1226,1423,1,,,
1234,ced,1227,1424,0,,,
1235,ced,1228,1425,3,,,
1236,ced,1229,1426,0,,,
1237,ced,1230,1427,3,,,
1238,ced,1231,1428,0,,,
1239,ced,1232,1429,2,,,
1240,ced,1233,1430,1,,,
1241,ced,1234,1431,2,,,
1242,ced,1235,1432,0,,,
1243,ced,1236,1433,0,,,
1244,ced,1237,1434,3,,,
1245,ced,1238,1435,6,,,
1246,ced,1239,1436,1,,,
1247,ced,1240,1437,1,,,
1248,ced,1241,1439,0,,,
1249,ced,1242,1441,1,,,
1250,ced,1243,1442,1,,,
1251,ced,1244,1443,0,,,
1252,ced,1245,1444,0,,,
1253,ced,1246,1445,2,,,
1254,ced,1246,1445,0,,,
1255,ced,1247,1446,2,,,
1256,ced,1248,1447,0,,,
1257,ced,1249,1448,0,,,
1258,ced,1250,1449,0,,,
1259,ced,1251,1450,1,,,
1260,ced,1252,1451,0,,,
1261,ced,1253,1452,2,,,
1262,ced,1254,1453,3,,,
1263,ced,1255,1454,0,,,
1264,ced,1256,1455,1,,,
1265,ced,1257,1456,0,,,
1266,ced,1258,1457,0,,,
1267,ced,1259,1458,0,,,
1268,ced,1260,1459,0,,,
1269,ced,1261,1460,2,,,
1270,ced,1262,1461,0,,,
1271,ced,1263,1462,2,,,
1272,ced,1264,1463,0,,,
1273,ced,1265,1465,1,,,
1274,ced,1266,1466,1,,,
1275,ced,1267,1467,0,,,
1276,ced,1268,1468,2,,,
1277,ced,1269,1469,3,,,
1278,ced,1270,1470,2,,,
1279,ced,1271,1471,3,,,
1280,ced,1272,1472,1,,,
1281,ced,1273,1473,0,,,
1282,ced,1274,1474,1,,,
1283,ced,1275,1474,2,,,
1284,ced,1276,1475,1,,,
1285,ced,1277,1476,1,,,
1286,ced,1278,1477,3,,,
1287,ced,1279,1478,2,,,
1288,ced,1280,1479,1,,,
1289,ced,1281,1480,0,,,
1290,ced,1282,1481,3,,,
1291,ced,1283,1482,0,,,
1292,ced,1284,1483,2,,,
1293,ced,1285,1484,2,,,
1294,ced,1286,1485,2,,,
1295,ced,1287,1485,1,,,
1296,ced,1288,1486,0,,,
1297,ced,1289,1487,6,,,
1298,ced,1290,1488,0,,,
1299,ced,1291,1489,0,,,
1300,ced,1292,1490,3,,,
1301,ced,1293,1491,1,,,
1302,ced,1294,1492,1,,,
1303,ced,1295,1492,0,,,
1304,ced,1296,1493,1,,,
1305,ced,1297,1494,2,,,
1306,ced,1298,1495,2,,,
1307,ced,1299,1496,3,,,
1308,ced,1300,1497,4,,,
1309,ced,1301,1498,3,,,
1310,ced,1302,1499,3,,,
1311,ced,1303,1500,0,,,
1312,ced,1304,1501,0,,,
1313,ced,1305,1501,0,,,
1314,ced,1306,1502,0,,,
1315,ced,1307,1503,"1,2",,,
1316,ced,1308,1504,1,,,
1317,ced,1309,1505,2,,,
1318,ced,1310,1506,4,,,
1319,ced,1311,1507,0,,,
1320,ced,1312,1508,0,,,
1321,ced,1313,1509,0,,,
1322,ced,1314,1510,1,,,
1323,ced,1315,1511,0,,,
1324,ced,1316,1512,0,,,
1325,ced,1317,1513,0,,,
1326,ced,1318,1514,1,,,
1327,ced,1319,1515,2,,,
1328,ced,1320,1516,2,,,
1329,ced,1321,1517,0,,,
1330,ced,1322,1518,0,,,
1331,ced,1323,1519,0,,,
1332,ced,1324,1520,3,,,
1333,ced,1325,1521,0,,,
1334,ced,1326,1522,3,,,
1335,ced,1327,1523,2,,,
1336,ced,1328,1524,3,,,
1337,ced,1329,1525,2,,,
1338,ced,1330,1526,4,,,
1339,ced,1331,1528,0,,,
1340,ced,1332,1529,2,,,
1341,ced,1333,1530,0,,,
1342,ced,1334,1531,1,,,
1343,ced,1335,1532,1,,,
1344,ced,1336,1533,1,,,
1345,ced,1337,1534,0,,,
1346,ced,1338,1536,0,,,
1347,ced,1339,1537,2,,,
1348,ced,1339,1746,1,,,
1349,ced,1340,1538,1,,,
1350,ced,1341,1538,2,,,
1351,ced,1342,1539,0,,,
1352,ced,1343,1540,0,,,
1353,ced,1344,1541,1,,,
1354,ced,1345,1542,0,,,
1355,ced,1346,1543,0,,,
1356,ced,1347,1543,0,,,
1357,ced,1348,1544,0,,,
1358,ced,1349,1545,2,,,
1359,ced,1350,1546,2,,,
1360,ced,1351,1547,1,,,
1361,ced,1352,1548,2,,,
1362,ced,1353,1549,1,,,
1363,ced,1354,1550,1,,,
1364,ced,1355,1551,0,,,
1365,ced,1356,1552,0,,,
1366,ced,1357,1553,0,,,
1367,ced,1358,1554,4,,,
1368,ced,1359,1555,2,,,
1369,ced,1360,1556,3,,,
1370,ced,1361,1557,"6,7,8",,,
1371,ced,1361,1557,"0,1,2",,,
1372,ced,1362,1558,"1,2",,,
1373,ced,1363,1559,0,,,
1374,ced,1364,1560,0,,,
1375,ced,1365,1561,1,,,
1376,ced,1366,1562,0,,,
1377,ced,1367,1563,"0,1",,,
1378,ced,1368,1564,1,,,
1379,ced,1369,1565,0,,,
1380,ced,1370,1566,0,,,
1381,ced,1371,1567,2,,,
1382,ced,1372,1568,"3,4",,,
1383,ced,1373,1569,3,,,
1384,ced,1374,1570,"0,1",,,
1385,ced,1375,1571,0,,,
1386,ced,1376,1571,0,,,
1387,ced,1377,1573,0,,,
1388,ced,1378,1574,0,,,
1389,ced,1379,1575,2,,,
1390,ced,1380,1578,1,,,
1391,ced,1381,1579,0,,,
1392,ced,1382,1580,"1,2",,,
1393,ced,1383,1581,0,,,
1394,ced,1384,1581,2,,,
1395,ced,1385,1582,"0,1",,,
1396,ced,1386,1583,0,,,
1397,ced,1387,1584,3,,,
1398,ced,1388,1585,"1,2",,,
1399,ced,1389,1586,"0,1",,,
1400,ced,1390,1587,0,,,
1401,ced,1391,1588,0,,,
1402,ced,1392,1590,0,,,
1403,ced,1393,1591,1,,,
1404,ced,1394,1592,0,,,
1405,ced,1395,1593,1,,,
1406,ced,1396,1594,0,,,
1407,ced,1397,1595,3,,,
1408,hsbc,1397,5617,0,,,
1409,ced,1398,1596,2,,,
1410,ced,1399,1597,0,,,
1411,ced,1400,1597,2,,,
1412,ced,1401,1598,0,,,
1413,ced,1402,1599,0,,,
1414,ced,1403,1600,1,,,
1415,ced,1404,1601,0,,,
1416,ced,1405,1603,0,,,
1417,ced,1406,1604,2,,,
1418,ced,1407,1605,0,,,
1419,ced,1408,1606,2,,,
1420,ced,1409,1607,"2,3",,,
1421,ced,1410,1608,"0,1",,,
1422,ced,1411,1609,"0,1",,,
1423,ced,1412,1611,0,,,
1424,ced,1413,1612,0,,,
1425,ced,1414,1613,1,,,
1426,ced,1415,1614,2,,,
1427,ced,1416,1615,0,,,
1428,ced,1417,1616,0,,,
1429,ced,1418,1617,4,,,
1430,ced,1419,1618,1,,,
1431,ced,1420,1620,0,,,
1432,ced,1421,1621,0,,,
1433,ced,1422,1622,0,,,
1434,ced,1423,1622,2,,,
1435,ced,1424,1623,3,,,
1436,ced,1425,1624,3,,,
1437,ced,1426,1625,0,,,
1438,ced,1427,1626,0,,,
1439,ced,1428,1627,0,,,
1440,ced,1429,1628,0,,,
1441,ced,1430,1629,"0,1",,,
1442,ced,1431,1630,0,,,
1443,ced,1432,1631,0,,,
1444,ced,1433,1632,0,,,
1445,ced,1434,1633,1,,,
1446,ced,1435,1633,0,,,
1447,ced,1436,1634,0,,,
1448,ced,1437,1635,0,,,
1449,ced,1438,1636,0,,,
1450,ced,1439,1637,0,,,
1451,ced,1440,1638,0,,,
1452,ced,1441,1639,0,,,
1453,ced,1442,1640,1,,,
1454,ced,1443,1641,3,,,
1455,ced,1444,1642,3,,,
1456,ced,1445,1643,"0,1",,,
1457,ced,1446,1644,"0,1",,,
1458,ced,1447,1645,0,,,
1459,ced,1448,1646,0,,,
1460,ced,1449,1647,0,,,
1461,ced,1450,1648,0,,,
1462,ced,1451,1649,2,,,
1463,ced,1452,1650,"0,1",,,
1464,ced,1453,1651,"0,1",,,
1465,ced,1454,1652,"1,2",,,
1466,ced,1455,1653,0,,,
1467,ced,1456,1654,0,,,
1468,ced,1457,1655,0,,,
1469,ced,1458,1656,0,,,
1470,ced,1459,1657,0,,,
1471,ced,1460,1658,"1,2",,,
1472,ced,1461,1659,1,,,
1473,ced,1462,1660,1,,,
1474,ced,1463,1661,"0,1",,,
1475,ced,1464,1662,"0,1",,,
1476,ced,1465,1663,3,,,
1477,ced,1466,1664,2,,,
1478,ced,1467,1665,2,,,
1479,ced,1468,1666,3,,,
1480,ced,1469,1667,3,,,
1481,ced,1470,1668,0,,,
1482,ced,1471,1669,2,,,
1483,ced,1472,1670,0,,,
1484,ced,1473,1671,0,,,
1485,ced,1474,1672,0,,,
1486,ced,1475,1673,0,,,
1487,ced,1476,1674,3,,,
1488,ced,1477,1675,1,,,
1489,ced,1478,1676,1,,,
1490,ced,1479,1677,0,,,
1491,ced,1480,1678,0,,,
1492,ced,1481,1678,0,,,
1493,ced,1482,1679,0,,,
1494,ced,1483,1680,2,,,
1495,ced,1484,1681,2,,,
1496,ced,1485,1682,2,,,
1497,ced,1486,1684,0,,,
1498,ced,1487,1685,2,,,
1499,ced,1488,1686,2,,,
1500,ced,1489,1687,3,,,
1501,ced,1490,1688,1,,,
1502,ced,1491,1689,4,,,
1503,ced,1492,1690,0,,,
1504,ced,1493,1691,1,,,
1505,ced,1494,1692,4,,,
1506,ced,1495,1693,3,,,
1507,ced,1496,1694,1,,,
1508,ced,1497,1695,0,,,
1509,ced,1498,1696,1,,,
1510,ced,1499,1697,1,,,
1511,ced,1500,1698,0,,,
1512,ced,1501,1699,1,,,
1513,ced,1502,1700,0,,,
1514,ced,1503,1701,1,,,
1515,ced,1504,1702,0,,,
1516,ced,1505,1703,0,,,
1517,ced,1506,1704,1,,,
1518,ced,1507,1705,2,,,
1519,ced,1508,1706,2,,,
1520,ced,1509,1707,0,,,
1521,ced,1510,1708,0,,,
1522,ced,1511,1709,2,,,
1523,ced,1512,1710,2,,,
1524,ced,1513,1711,2,,,
1525,ced,1514,1712,1,,,
1526,ced,1515,1713,3,,,
1527,ced,1516,1714,1,,,
1528,ced,1517,1715,3,,,
1529,ced,1518,1716,3,,,
1530,ced,1519,1717,2,,,
1531,ced,1520,1718,2,,,
1532,ced,1521,1719,0,,,
1533,ced,1522,1720,2,,,
1534,ced,1523,1721,0,,,
1535,ced,1524,1722,0,,,
1536,ced,1525,1723,4,,,
1537,ced,1526,1724,2,,,
1538,ced,1527,1725,0,,,
1539,ced,1528,1726,1,,,
1540,ced,1529,1727,2,,,
1541,ced,1530,1728,2,,,
1542,ced,1531,1729,2,,,
1543,ced,1532,1730,0,,,
1544,ced,1533,1731,2,,,
1545,ced,1534,1732,0,,,
1546,ced,1535,1733,1,,,
1547,ced,1536,1734,1,,,
1548,ced,1537,1735,1,,,
1549,ced,1538,1736,0,,,
1550,ced,1539,1737,0,,,
1551,ced,1540,1738,0,,,
1552,ced,1541,1739,1,,,
1553,ced,1542,1740,2,,,
1554,ced,1543,1741,1,,,
1555,ced,1544,1742,2,,,
1556,ced,1545,1743,2,,,
1557,ced,1546,1744,2,,,
1558,ced,1547,1745,1,,,
1559,ced,1548,1747,0,,,
1560,ced,1549,1748,3,,,
1561,ced,1550,1748,0,,,
1562,ced,1551,1749,1,,,
1563,ced,1552,1750,0,,,
1564,ced,1553,1750,0,,,
1565,ced,1554,1751,1,,,
1566,ced,1555,1752,1,,,
1567,ced,1556,1753,"0,1",,,
1568,ced,1557,1754,0,,,
1569,ced,1558,1755,2,,,
1570,ced,1559,1756,0,,,
1571,ced,1560,1757,3,,,
1572,ced,1561,1758,2,,,
1573,ced,1562,1759,1,,,
1574,ced,1563,1760,3,,,
1575,ced,1564,1761,1,,,
1576,ced,1565,1762,1,,,
1577,ced,1566,1763,1,,,
1578,ced,1567,1764,3,,,
1579,ced,1568,1765,0,,,
1580,ced,1569,1766,0,,,
1581,ced,1570,1767,0,,,
1582,ced,1571,1768,2,,,
1583,ced,1572,1769,1,,,
1584,ced,1573,1770,2,,,
1585,ced,1574,1771,0,,,
1586,ced,1575,1772,2,,,
1587,ced,1576,1773,2,,,
1588,ced,1577,1774,2,,,
1589,ced,1578,1775,2,,,
1590,ced,1579,1776,0,,,
1591,ced,1580,1777,1,,,
1592,ced,1581,1778,2,,,
1593,ced,1582,1779,3,,,
1594,ced,1583,1780,1,,,
1595,ced,1584,1781,2,,,
1596,ced,1585,1782,3,,,
1597,ced,1586,1783,0,,,
1598,ced,1587,1784,3,,,
1599,ced,1588,1785,2,,,
1600,ced,1589,1786,0,,,
1601,ced,1590,1787,4,,,
1602,ced,1591,1788,1,,,
1603,ced,1592,1789,0,,,
1604,ced,1593,1790,0,,,
1605,ced,1594,1791,1,,,
1606,ced,1595,1792,0,,,
1607,ced,1596,1793,0,,,
1608,ced,1597,1794,0,,,
1609,ced,1598,1795,3,,,
1610,ced,1599,1796,2,,,
1611,ced,1600,1797,3,,,
1612,ced,1601,1798,2,,,
1613,ced,1602,1799,1,,,
1614,ced,1603,1800,0,,,
1615,ced,1604,1801,1,,,
1616,ced,1604,929,0,,,
1617,ced,1605,1802,0,,,
1618,ced,1606,1803,4,,,
1619,ced,1606,1803,6,,,
1620,ced,1606,1803,1,,,
1621,ced,1607,1804,"3,4",,,
1622,ced,1608,1805,1,,,
1623,ced,1609,1806,4,,,
1624,ced,1610,1807,0,,,
1625,ced,1611,1808,1,,,
1626,ced,1612,1809,0,,,
1627,ced,1613,1810,2,,,
1628,ced,1614,1811,2,,,
1629,ced,1615,1812,0,,,
1630,ced,1616,1813,3,,,
1631,ced,1617,1814,0,,,
1632,ced,1618,1815,2,,,
1633,ced,1619,1816,2,,,
1634,ced,1620,1817,1,,,
1635,ced,1621,1818,2,,,
1636,ced,1622,1819,1,,,
1637,ced,1623,1820,0,,,
1638,ced,1624,1821,0,,,
1639,ced,1625,1822,4,,,
1640,ced,1626,1823,0,,,
1641,ced,1627,1824,1,,,
1642,ced,1628,1825,0,,,
1643,ced,1629,1826,2,,,
1644,ced,1630,1827,1,,,
1645,ced,1631,1828,3,,,
1646,ced,1632,1829,0,,,
1647,ced,1633,1830,1,,,
1648,ced,1634,1831,0,,,
1649,ced,1635,1832,2,,,
1650,ced,1636,1833,4,,,
1651,ced,1637,1834,0,,,
1652,ced,1638,1835,0,,,
1653,ced,1639,1836,0,,,
1654,ced,1640,1837,3,,,
1655,ced,1641,1838,0,,,
1656,ced,1642,1839,0,,,
1657,ced,1643,1840,0,,,
1658,ced,1644,1841,1,,,
1659,ced,1645,1842,0,,,
1660,ced,1646,1843,1,,,
1661,ced,1647,1844,2,,,
1662,ced,1648,1845,0,,,
1663,ced,1649,1846,1,,,
1664,ced,1650,1847,3,,,
1665,ced,1651,1848,2,,,
1666,ced,1652,1849,2,,,
1667,ced,1653,1850,0,,,
1668,ced,1654,1850,0,,,
1669,ced,1655,1850,1,,,
1670,ced,1656,1850,1,,,
1671,ced,1657,1851,1,,,
1672,ced,1658,1852,3,,,
1673,ced,1659,1853,2,,,
1674,ced,1660,1854,0,,,
1675,ced,1661,1854,1,,,
1676,ced,1662,1855,2,,,
1677,ced,1663,1856,3,,,
1678,ced,1664,1857,1,,,
1679,ced,1665,1858,4,,,
1680,ced,1666,1859,1,,,
1681,ced,1667,1860,3,,,
1682,ced,1668,1861,2,,,
1683,ced,1669,1862,4,,,
1684,ced,1670,1863,0,,,
1685,ced,1671,1864,3,,,
1686,ced,1672,1865,0,,,
1687,ced,1673,1866,1,,,
1688,ced,1674,1867,0,,,
1689,ced,1675,1868,0,,,
1690,ced,1676,1869,0,,,
1691,ced,1677,1870,2,,,
1692,ced,1678,1871,1,,,
1693,ced,1679,1872,0,,,
1694,ced,1680,1873,2,,,
1695,ced,1681,1874,2,,,
1696,ced,1682,1875,0,,,
1697,ced,1683,1876,3,,,
1698,ced,1684,1877,2,,,
1699,ced,1685,1878,0,,,
1700,ced,1686,1879,3,,,
1701,ced,1687,1880,0,,,
1702,ced,1688,1881,0,,,
1703,ced,1689,1882,3,,,
1704,ced,1690,1883,1,,,
1705,ced,1691,1884,0,,,
1706,ced,1692,1885,0,,,
1707,ced,1693,1886,0,,,
1708,ced,1694,1887,3,,,
1709,ced,1695,1889,0,,,
1710,ced,1696,1890,1,,,
1711,ced,1697,1891,0,,,
1712,ced,1698,1892,"1,2",,,
1713,ced,1699,1893,0,,,
1714,ced,1700,1894,0,,,
1715,ced,1701,1895,0,,,
1716,ced,1702,1896,"0,1",,,
1717,ced,1703,1897,0,,,
1718,ced,1704,1898,2,,,
1719,ced,1705,1899,0,,,
1720,ced,1706,1900,0,,,
1721,ced,1707,1900,1,,,
1722,ced,1708,1901,2,,,
1723,ced,1709,1902,0,,,
1724,ced,1710,1903,0,,,
1725,ced,1711,1904,0,,,
1726,ced,1712,1905,3,,,
1727,ced,1713,1906,1,,,
1728,ced,1714,1907,1,,,
1729,ced,1715,1908,3,,,
1730,ced,1716,1909,3,,,
1731,ced,1717,1910,2,,,
1732,ced,1718,1911,3,,,
1733,ced,1719,1912,2,,,
1734,ced,1720,1913,0,,,
1735,ced,1721,1914,2,,,
1736,ced,1722,1915,2,,,
1737,ced,1723,1916,1,,,
1738,ced,1724,1917,1,,,
1739,ced,1725,1918,2,,,
1740,ced,1726,1919,0,,,
1741,ced,1727,1920,0,,,
1742,ced,1728,1921,0,,,
1743,ced,1729,1922,1,,,
1744,ced,1730,1923,0,,,
1745,ced,1731,1924,2,,,
1746,ced,1732,1925,0,,,
1747,ced,1733,1926,0,,,
1748,ced,1734,1927,1,,,
1749,ced,1735,1928,2,,,
1750,ced,1736,1929,2,,,
1751,ced,1737,1930,0,,,
1752,ced,1738,1931,5,,,
1753,ced,1739,1932,2,,,
1754,ced,1740,1933,0,,,
1755,ced,1741,1934,2,,,
1756,ced,1742,1935,2,,,
1757,ced,1743,1936,0,,,
1758,ced,1744,1937,0,,,
1759,ced,1745,1938,1,,,
1760,ced,1746,1939,2,,,
1761,ced,1747,1940,0,,,
1762,ced,1748,1940,0,,,
1763,ced,1749,1942,0,,,
1764,ced,1750,1943,2,,,
1765,ced,1751,1944,2,,,
1766,ced,1752,1945,2,,,
1767,ced,1753,1946,1,,,
1768,ced,1754,1947,2,,,
1769,ced,1755,1948,4,,,
1770,ced,1756,1949,0,,,
1771,ced,1757,1950,"0,1",,,
1772,ced,1758,1951,2,,,
1773,ced,1759,1952,"0,1",,,
1774,ced,1760,1953,"2,3",,,
1775,ced,1761,1954,0,,,
1776,ced,1762,1955,1,,,
1777,ced,1763,1956,0,,,
1778,ced,1764,1957,0,,,
1779,ced,1765,1958,2,,,
1780,ced,1766,1959,2,,,
1781,ced,1767,1960,0,,,
1782,ced,1768,1961,0,,,
1783,ced,1769,1962,0,,,
1784,ced,1770,1963,0,,,
1785,ced,1771,1963,0,,,
1786,ced,1772,1964,0,,,
1787,ced,1773,1964,2,,,
1788,ced,1774,1965,0,,,
1789,ced,1775,1966,0,,,
1790,ced,1776,1967,0,,,
1791,ced,1777,1968,0,,,
1792,ced,1778,1969,1,,,
1793,ced,1779,1970,1,,,
1794,ced,1780,1971,0,,,
1795,ced,1781,1972,0,,,
1796,ced,1782,1973,1,,,
1797,ced,1783,1974,2,,,
1798,ced,1784,1975,2,,,
1799,ced,1785,1976,2,,,
1800,ced,1786,1977,0,,,
1801,ced,1787,1978,1,,,
1802,ced,1788,1978,1,,,
1803,ced,1789,1979,4,,,
1804,ced,1790,1980,0,,,
1805,ced,1791,1981,1,,,
1806,ced,1792,1982,0,,,
1807,ced,1793,1984,"4,5",,,
1808,ced,1794,1985,0,,,
1809,ced,1795,1986,2,,,
1810,ced,1796,1988,3,,,
1811,ced,1797,1989,1,,,
1812,ced,1798,1991,2,,,
1813,ced,1799,1992,0,,,
1814,ced,1800,1993,3,,,
1815,ced,1801,1994,"0,1",,,
1816,ced,1802,1995,0,,,
1817,ced,1803,1996,3,,,
1818,ced,1804,1997,0,,,
1819,ced,1805,1998,3,,,
1820,ced,1806,1999,0,,,
1821,ced,1807,2000,1,,,
1822,ced,1808,2001,0,,,
1823,ced,1809,2002,0,,,
1824,ced,1810,2003,0,,,
1825,ced,1811,2004,0,,,
1826,ced,1812,2005,0,,,
1827,ced,1813,2006,2,,,
1828,ced,1814,2007,1,,,
1829,ced,1815,2008,0,,,
1830,ced,1816,2010,5,,,
1831,ced,1817,2011,1,,,
1832,ced,1818,2012,5,,,
1833,ced,1819,2014,2,,,
1834,ced,1820,2015,0,,,
1835,ced,1821,2016,3,,,
1836,ced,1822,2019,0,,,
1837,ced,1823,2022,"0,1",,,
1838,ced,1824,2023,"0,1",,,
1839,ced,1825,2024,2,,,
1840,ced,1826,2025,2,,,
1841,ced,1827,2026,0,,,
1842,ced,1828,2027,2,,,
1843,ced,1829,2028,2,,,
1844,cn,1830,2101,4,,,
1845,cn,1831,2102,4,,,
1846,cn,1832,2356,1,,,
1847,cn,1833,2356,2,,,
1848,cn,1834,2528,1,,,
1849,CNT,1835,3188,1,,,
1850,CNT,1836,3190,"2,3",,,
1851,CNT,1837,3191,1,,,
1852,CNT,1838,3192,0,,,
1853,CNT,1839,3193,9,,,
1854,CNT,1839,3196,7,,,
1855,CNT,1839,3208,5,,,
1856,CNT,1840,3195,4,,,
1857,CNT,1840,3198,6,,,
1858,CNT,1840,3211,2,,,
1859,CNT,1841,3197,"5,6",,,
1860,CNT,1842,3200,3,,,
1861,CNT,1843,3201,8,,,
1862,CNT,1844,3202,5,,,
1863,CNT,1845,3203,4,,,
1864,CNT,1846,3204,3,,,
1865,CNT,1847,3205,1,,,
1866,CNT,1848,3206,3,,,
1867,CNT,1849,3207,1,,,
1868,CNT,1850,3210,1,,,
1869,CNT,1850,3187,7,,,
1870,CNT,1851,3212,"3,4,5",,,
1871,CNT,1852,3213,1,,,
1872,CNT,1853,3214,1,,,
1873,CNT,1854,3215,2,,,
1874,CNT,1855,3216,1,,,
1875,CNT,1856,3217,3,,,
1876,hsbc,1857,5610,1,,,
1877,hsbc,1858,5611,3,,,
1878,hsbc,1859,5612,3,,,
1879,hsbc,1859,5614,11,,,
1880,hsbc,1860,5613,4,,,
1881,hsbc,1861,5615,2,,,
1882,hsbc,1862,5619,2,,,
1883,hsbc,1863,5620,3,,,
1884,magok,1864,5623,0,,,
1885,rrd,1865,30557,10,,,
1886,rrd,1866,31944,3,,,
1887,rrd,1867,32040,1,,,