sentence_id,base_form_id,word_index
13a43bb7c220,d7331f2d6c1f7027,0
13a43bb7c220,d7331f2d6c1f7027,1
fb76dc5d5a97,81fcb6cc4f89adfb,0
4d27f442165b,5adb6c0f16b8ca15,0
3bd4d3845413,9d71a16d45a1d8b3,2
54e9278033d4,0bca1262c8720a25,4
5459456eb529,1c09583dcc90096f,2
3a775066c201,315d7c014082fbf3,0
73d36f297af5,c325526368a39135,1
4c3d6b982902,0ed4f1e616563ce5,2
22a79fda12e8,7e4b24816acc50d6,1
22a79fda12e8,7e4b24816acc50d6,2
9b65319d8f8e,47c01bfffa2decba,1
78ad630cb497,610d016169bdfae0,1
40f98bf9812a,fdc0da1c6ea0471b,0
9388c53aa96a,bc3ec7b60d46479b,2
06cb8cd83e39,2548b16934cfef94,0
7dfd54d41609,be6b2239090bee85,6
a2d7fc0436bc,8f3450f09a7239ae,0
b100eb91138e,badd26e614faecf6,0
41c69e99586f,f75c1b4f49aa5c09,1
e9a85ed468fc,712c62c63dd11a61,0
dd3df7fa1efc,3192fe19f9e1666c,4
e16f948cc0c5,03fb4aa2c4e57ffc,0
ba360a00ab42,7717ce42d5aad1cc,3
6ae26c3b55b8,483feffe4286d4b5,5
4658038b9d2c,22cdab7c28cbf3c0,0
60de66afb281,1c5144f2667049df,3
9d30f416a06c,8757953b883b5e14,0
b1f56add3a94,81f6e5990a2ed2fd,3
707d7e4911d9,0e91e727936cf5cb,3
219c0deb1df2,a0252941b208763f,2
1927dfd6bbc6,48f300a6f1db1970,4
a6d0a7479dfa,231d22d889742b3c,2
d9f631b837d1,b2a2b703dddcbd61,1
d74f8c51400c,6c9b33fc8dc50a23,0
d9387837add5,79c141c27ee19f34,2
1d6013c1921d,9b7341f1a45452dc,1
53d7b13446a9,8b2934db15690521,2
53d7b13446a9,8b2934db15690521,3
90b48ef60cdf,2dfc49747319c444,2
b6c4307f565c,efb535489ccaa819,4
6ea209315ea4,0940c7725df4db4c,2
be81a1d674ff,f2d59369b33fb307,0
81617d365952,da7bfa01c3867053,2
c62cc04f0adb,d0124103124d3b52,1
41979d9205ed,e0e4ed08c080ba0b,2
41979d9205ed,e0e4ed08c080ba0b,7
41979d9205ed,e0e4ed08c080ba0b,13
e9a40fc213b8,48b967673423407f,2
add980fc6298,6150e4d94bf913b1,0
7e031e91e6e2,eb580bde9c0fca26,0
51b9c9860531,337dcae172ab228b,1
c04c40237360,80a408bafc39d3a0,3
d7cf73abe76f,c5f93ecc1ab5f18f,1
77522f70cf69,cf01ebbbb439a7fa,1
32ee9ec57126,39634f55c92a20a7,2
13ea847c361a,0f7036674e3c1576,0
8f97e85151e5,d98d99e631e4ae6f,1
c280ca1e1ee0,d36decb4c6048032,2
742df44e53d2,0c9aeac23b31a38b,7
cfe4278349a7,9460254e0d044e01,2
af654462110e,f989704ce0c7d6ea,2
53228c94299a,fb53952cb26f4f3d,1
53228c94299a,fb53952cb26f4f3d,4
f74936754186,7089e94744caec44,2
04645201fea4,7a85c90f822d9082,10
b4f09b63efb4,9b4c4d606c9a5def,0
f7421b2b99d9,2ba2588afdb91ebc,0
43b93fe9fc7f,497004d2ecd75e7c,1
c2e80a3436da,ce376f20d34af2ea,1
0f970bb79e4e,43d6c52669adc66d,3
4e5a3a43295c,81ba4c556ccabc49,3
b8a36d4ddda2,00a5ac1bf200fdae,2
aaded1e40fbf,ddf48f6c48d9fefa,0
8bdbcd6b306d,5d1007b1c00a1305,0
7d83c3bb6d93,408b62d44278a191,2
baeb2fbcf1b9,db65f35559d7db9a,1
baeb2fbcf1b9,db65f35559d7db9a,3
01352b9e6769,2243e3cf6ac929fe,8
fd183838da2c,efd98e9c7f84339d,3
7e66cdb519ef,5ef9398e40a4ca94,1
76b0b300e4de,ed5dfbf70efdc4c1,1
c6d19a2c6cfc,e8ae78be8a6cd827,2
177c6c733d3a,f13e7fa98344e139,1
9dac46ad4f0b,bfbec089a816b7f1,0
78ec6f972d06,eefd2088d62538d6,1
999e8a70e62a,931b62dc46e5ba07,2
33b5ec0d8dae,fe3d7342d8558032,0
2ec01bdfff98,799ea1088d9fe4c7,5
5012ce6380b9,a2e49eb68ad07d25,9
037516dfe8ba,af34d59d072f6b26,3
696f733a8408,96e2c484aa66af84,3
b3dbf4dccc26,fd673a2684af2e66,1
053152ea8272,5b6b79a8969ac94e,0
6d6bccda536d,38c234fa0e23809a,1
3b8df919614b,b38da241aad3f4e4,3
84b53f7e5a2a,cdd7b62144c7cb89,0
a29c3e38b8d6,160ef9ee84bd473b,1
95628e619fcf,bef16ce2eafc748f,4
d68e3b55427b,292423b3243fc4c8,0
d4e742b409ac,bd531131fe5d062e,3
d5e414bd552d,93b531dd5f79b01c,2
8b680d08e50b,9bb31032737f95ec,0
c2539ce1155f,8983667b1316034c,2
9ec707fa6dde,186f362d1c115aa4,8
9ec707fa6dde,186f362d1c115aa4,9
9ec707fa6dde,186f362d1c115aa4,10
9ec707fa6dde,186f362d1c115aa4,11
a89704703c79,e4ca4399df0136a4,0
91fae75a1faa,8a27ebaf1fe23ce8,4
aed347bdad87,63bd854244db3b9a,2
6cc8bb99183f,ecdfb0dc8ae179c8,4
eafe00ecc5de,42f652ca17d1b166,0
69388dcf5d97,d2a589de8130b671,1
3417740a2362,05d94cec0705e6cb,1
f44ac757bccc,4d5570a67d4062d5,1
6a6bbad0128d,9d30d2c10e0bc3a9,0
3955bce1c6aa,a962f28491250077,1
2028dc45e9c6,17b81cf8cc64d0f1,1
c2e232b8c456,1918153e2fc07380,0
fbd25ea90b1b,02cdb5da31494bb5,0
3c08392c7702,0a60d138d7c3f8a3,0
5a849cc3709e,6afedb62ae2ca1ac,1
830eea5c95bd,d4be88a0c86f867d,0
67ade3e2d58b,8aafb341cd008800,2
2f026e4bad42,5de6b71cbcba8c56,4
7dd4f37aedb7,a6ff8002e8bfa4a9,7
8c2d9eb6ec0c,86e43ec3ac7c357e,2
8471bcc02ce2,87e90047c884943c,2
a53705836914,d430058575699161,2
d3f509e51a76,d2b6b9209aca8c89,0
a37e6d7dcc1f,3926442a6aae884d,1
a67dd7a8ae53,7a4b04a7a7b603e4,0
5104834a98d4,15f91dd0439956a2,1
55ec398aad58,696f146de8bbee62,0
325a2c7b3a7a,5149e5a568ce0ed4,3
474d1b6a0279,3986ebfea2b6f790,3
ef991e636985,8a55a732f9144aeb,2
62159f130ac2,698cbea72053235c,1
46e36bc2fb78,b5aac5081c1c1d95,2
3fae546ff30c,c7bc6eea412ff4b6,3
a61034c7509d,f5ce8ed1c85791e9,2
5a7606eafa56,96aa35a3fae434ee,4
3887802ba64e,4ae3a06768719802,1
4071d0e2ba1a,80d580f124433ef0,2
2c7b62feba73,d033a33c02cb353a,2
cd00bdc812e8,c8733106580405f8,2
dcd811095b34,e3c0e881e14911bf,5
29822c6f46ef,046ed93ac26574e0,3
7901c18da5bd,86c720d8caa6e0fc,3
75aa0f852989,450db9ec6731e728,2
75aa0f852989,450db9ec6731e728,3
c34764410777,8a034a6aae121d76,1
f6466ae7ad4c,c7f93ea668743198,2
238c29cc2099,2c34f0daa6698c24,1
202ae48cb72c,205e89f03849cb0f,5
0973e97a155e,78704af7a6d92c26,2
3ec13669cf96,84ce92929a1ab2aa,2
6f1393ab9292,dcdaec9a65eef8be,2
ea9d71ea6d8c,892c9234ef32cbf3,0
a6fb49810fdf,f59bb1f6dbc84605,0
7c0510fad04c,431d5d8127c6275c,1
8694385684f5,268f20784f8aa478,0
432760f43660,f7dde47841d3bd30,4
bfefd61ea3a7,b870ad9fbc4f75c8,1
c149d7ebbf76,01ca66ab102603c7,0
45a14767dbb5,6a0d24d288fa5d43,2
20a9e4067433,43e20630da0e0c99,2
4bf79bb2f422,50aafe9c9949139a,2
5f81049314a0,effc06d285f22f79,3
cf5cafadd118,b0cefb0b2dba66b7,4
8559db8287ad,ffbf68cfb0aabe02,0
267dd927bb06,46fce6cf8664012b,2
9d78068e1c5b,369dd7b66cacbc72,0
9d78068e1c5b,369dd7b66cacbc72,2
ca4daec20271,3be08d86a13a69c2,3
70eb16c363ba,d9933c6ae00f5d32,3
70eb16c363ba,d9933c6ae00f5d32,7
6e83bcffc9de,33f8d3d1d15642fd,3
eabbd8a15584,74c3e65ad795fdc8,4
7e8e3cd04d37,db6cea154ffe22b2,3
c7c7f5ddac51,46d36ef930abdd36,1
3824a93754a2,fbdb97646ad6b8e1,1
c19f5031f0d8,1fe30cb84d98f752,3
e4ff4d426719,2524951ef15668df,6
9f82f5f0e208,58aed0170e2c677e,1
6db6b0133796,de1736f7a66b7a42,0
d601987d9bbf,194d092b4ea46960,0
7c7f47e07665,8368f1fd4de64fb8,0
9ed1939cc760,1a47e527e9d78ed0,2
acd8be71dba8,747e53e9de6ed713,2
c52041ce5170,df5d92330b500f56,1
fa7960ee867d,4f028e4aac07202e,7
e0a4545d5f48,03089f21ea993296,0
81bf4426d4dc,7ff4cc88351cd966,6
ac7a2a7452e1,79e06ef06f1a435c,3
4948447bcbb1,8b010800da1af205,1
bf7cfc03d4a0,cc499f1732678882,4
0cccdaa15df8,8a7a86e6717e43e9,0
524f46bdae36,1b9e9b8862959f76,1
63a293ff84bf,2fbbc2fbb2112a37,1
aee9f1726bfb,8105250e3c583c0d,0
3a30c98c056c,ae62edde24a8aa2e,2
29b93276c7f2,dd6dd98df18acd7f,0
f3871a1c16d4,15500f0b673e52e7,0
b6b831e2ab8a,8bd92ec70b156b61,0
1948588b9cf0,1a73d4ab0b7d1f81,4
e75b184286a5,081b6581601143ab,4
96932237e613,51369034d551fb56,3
ef69bf467ad7,071e9ef830ec5000,3
4b39e01d833a,051e3842c3b86122,1
ed507d4f9200,f4b206aa85b7ac7f,1
e09e32a81d76,a9b90f1194a09cb2,3
63558f60757a,a6c5269d0d865a29,3
038b229098e7,14e3db3fdd6aba6c,2
379b9939b61f,f0fc857b68114900,0
2cc3ad1119ce,4f3f6e291458fe3e,0
2cc3ad1119ce,4f3f6e291458fe3e,1
7a825b2dffc4,faae615c0db0b9b2,2
e9286f6e5cda,35e279e2e0432fe4,0
abf24cb6b54a,b712bb05099822d8,3
e4aeeb168c28,df8d8a89a3167653,0
a95341732461,4a7de61d68d68489,1
3f0a601ad15f,e461b40e65f44e43,5
3b2b87a878c4,19e923d63c6f23a8,1
3643075671a6,80b4f0cae37b3dc6,1
16008df452d1,f345ec3c6182fedd,0
d87ebfbb317f,789e832bb919efd8,0
24d45fe5ec4d,54249692ffe74985,0
19fc19fd8de8,3892b3d099323b85,2
7e8bafbc72af,e91dcc5a11095ec1,1
f1f9107561a6,8838ea1c607be1c8,2
56f0dfbabf5a,573e1c9f70a4aae3,1
dc8f9f1612ca,c96d99e388cba276,6
94652edb85a1,e6a8286e29b0cae4,4
7766c9c573da,ce724b1392e15629,2
7d8732c0b8a6,98fc714c6fd2ae29,0
10a573372592,889259edb8b08911,1
d4600140da5b,b80318eb3d88a4e4,1
435b30b98e26,459b0a9a6f39fc67,3
be20673ef221,20989d8515334430,2
d9a3d0a600fe,9aaf1106d7d47ed9,10
0fb541111255,4e75c5abb9dc641d,0
223d76d5cc41,c6164c5fa1e0d935,3
cf13aa5d8b62,525ad371b1f8e22c,0
ecac80e2fd76,9ef3d22c22c6f5b6,2
632a556f91a6,43df18057172a0bd,2
1db96a8d584f,0d0561b42005455b,2
16c167baa473,beda1d585e044979,3
b900438e9f53,4d9d6adee102a7c4,3
6dcdac449190,f0a0d09a6fd8d2f5,1
1d1ce0c276f7,7c09d5b98e9fc1c8,4
6522431f5822,8aae008a3de13bcb,0
e54232a127c3,c398fa146df2183f,1
23230960ac1c,667220fa5f441ee4,8
0f3d5011d38e,268de61ab537ab6e,1
c4c042c2281d,bb080373c2b020bb,2
32b07ec8a22b,22e988f7460fcf9f,1
ca25547bb5bd,393cf40bfe272a49,2
ca25547bb5bd,393cf40bfe272a49,3
56006eca3780,f6ee223a4c97fc67,3
5057c21ba801,99ce93953dfe34cf,0
a24775d05da5,4c788ae2438548eb,2
d78971496cd6,5b2c3447d9fdd02e,1
b534771f8e28,0d80893f889c19b4,2
b4fece79796f,cea31a3e77fbae75,1
2324e3e83acd,35944ffa10e32b90,3
5055141d975b,7dfbede740f4cc28,0
67d5d4c883bd,c69c4cf79104cfeb,2
0d067b49f034,c16a831c6f5486d1,1
39947fbf0696,1994410f2f99a582,3
05b7d7ab51cb,cda8937e96def606,0
cc9dc15e2524,a30804e70a96b569,6
cc9dc15e2524,a30804e70a96b569,7
cc9dc15e2524,a30804e70a96b569,8
d7f12e88c0bb,825da29036c6f905,0
f841c9d4e54a,9c53d5cd56699eaa,2
d248a81677eb,14695385d0c1d96e,0
34f94601c623,84913ef717d5436f,2
b0b23b552827,fa433736ac596a0f,0
10bb0ceb8dd9,979c15519e14b7dd,4
54db81f86493,0b2b12ee9220402b,0
f00b8dc36542,b52279c10f1399eb,2
68ab085515ee,528ab31b4219c256,7
c61ecf1f520b,50bf328674e5b53d,2
9ce46c667fd7,73aa4355140bcb2c,0
d115e8a74e64,60411c9c40c599cf,1
e9d9070dfe17,2e21bd3435cab93c,5
a6adf1489d5d,949e9835e86ac9ad,0
f1c28eb97e89,4b29168d651e875e,1
4d076055fc4b,f372795d2300b355,3
e871d24944a7,470b250af5be7d26,2
5cf3cdd6d9e0,3b2f00e433597efd,2
ffdc0f4a1846,be00e18607b59701,4
b303629e6348,8fa369642887597d,1
c00ad9dc94bb,f890b7958516611c,0
c00ad9dc94bb,f890b7958516611c,1
3c3cd3e7d290,2bd0a39c941e81a6,1
9a25cd192071,e47b8fe33b6b33e8,1
a78717694d6b,02f56feba842417c,2
e51892c6a80b,82f00cb803218c4e,0
9b95d25d3fde,ab51c3775ee9a8e0,2
631c8be4765a,15fede791aa9fded,3
b428aecbf595,8fde31fac5ec5d38,0
bce0dd78576e,2045ceb249b56ec1,0
4022dfb51622,33d1f06ceebcc22f,0
f622ed287054,81e9c067ff29421b,0
a6b02d1d1b9b,167f9170eeb866e7,5
a6b02d1d1b9b,167f9170eeb866e7,11
ce018700a03a,d92c1462cb4a0299,3
e236ab4e95e1,f5b7197943f1e6d8,3
874db38b2174,39f90ee3bf985952,3
65c80b7017b1,01d73a8491812b1e,0
65c80b7017b1,01d73a8491812b1e,1
2b706579120a,5641bb4e3f11bdc4,4
4d4fc0f71465,b30805fa52322653,3
dad842c30f0b,fcbd34a1d83c322c,1
9951f32dfdd1,694b311f3a323754,4
9951f32dfdd1,694b311f3a323754,11
d70d61ef0b67,3dc41bc04c1006ef,1
c1563bd96b21,25cc1d92ccc9b4e4,2
1324b6331ef7,858ced4909da94ed,2
d2ecc66b6445,40f6f8150e0fa0b2,2
1bdb825f79d5,ce5fcbcd2d55ba09,1
0549ba564c6b,f5750a6877c742af,2
24e9fdf2beb4,0d4e197f07f81015,0
9ae39242f715,7699ab3f45fc7b05,2
e4df0d35bb9a,4705fcf746893e93,4
f49ad662ff43,7c5b047d1bad0042,1
11a55a2837d0,a7150a3f30377e03,1
4787349e1a02,681b60e8f399ee5d,0
fffe97a184e5,d1dcd6fbc8921ecd,1
92f9a0a0457f,e06d026fe0f8eaea,2
16b60ff1df6a,4ad8240bd0bfed12,2
e60aa3a5ced7,e986074b72164e66,1
fa27e17a80b2,70dd58ca41ffe6c1,1
009b2aa0d924,597f4fcce5005fa1,1
2c4b22a267f2,66e8114e65921f53,0
490a36e08a72,e23c6ff32d0c328d,0
c5ce79d6d7d9,6158080329c088fd,3
01cb6c2f3ee8,fe11b2b82da4cf61,2
7b8b8af1fe55,06ee0614f2e5a4e7,2
0c887fe7825d,035417020fd97ee6,1
23cd32566d73,a91d8879590136a4,2
3c870fc352dc,8caf67e21e610bc4,3
7a060c075bf6,5b2c3447d9fdd02e,1
385fb6d904bf,a9c0b7f2d4ae5058,3
e12979ff4d36,d48e2c458f77c1dc,0
50bdcac032f0,8000aa7c8c2515bb,0
50bdcac032f0,8000aa7c8c2515bb,1
ff7b17e98ccc,e6a910e1b91720e6,0
4b3e2abaeb5e,97285d21932c7c97,2
172f9cfd51af,492b97a42071538e,3
19891123e4db,c42b7fae6ae150bf,0
19891123e4db,c42b7fae6ae150bf,1
3c95afd86cf4,f5e756b4fdfd35dd,0
efae32570aae,6ccc90ae466893e5,0
393dff6ead9c,d5cdbd65a6a30329,5
34e59b5ae2f6,f9ffaa0e66f62e15,2
39fec2032348,a439ffebed9f64db,2
b2005edd4020,62f41bcdb2b7fa30,3
0e28e176f9d2,0d77f1f7b0138586,0
6be401aa143d,85db14b6b7f00b8b,2
860215cf5f4e,5c1b6bf334a8499b,2
7482bc1524e3,a046292634fd6882,2
9e676c8582c8,45e12cdde565e3e6,3
13c1ada2051f,8b89fb637f06792e,5
62811033cdb5,6772710d14600c3c,13
ab425c6fd382,24c563edf97378be,1
fae1a3d03d28,9f8e3c3a313be9f9,1
d96d6fd55ce8,e5b848323c8f44ad,0
2ff7442e9bf7,d9a01ed14d4296af,4
df92b8526d2b,41266b7e36c2ecd7,1
6f97116c4b68,1fbd70ec2bce9368,0
547f27534710,bd6fd069cf2db1da,2
bf287a699af1,d11ab5dacaf1b943,3
9d951723d25d,c518ecb6974518b0,0
21436bef3e45,0a8f5d14b4429827,2
15d63cd2e4b8,1b465fc7b3842205,2
48c46214921c,987029c8e34cbbf3,2
d4c5151b4ee0,f0ad5b6b09806db1,2
7a78466e3d42,447bf4ff5d83c76c,5
6c72e6eff461,52826352d34a3127,2
0fccb947dca7,ad38cb8fad5fefb2,2
bfa9cc6da065,6ba74acd28c3a6b5,3
3f09dbf17c9c,6ab9d2912955a569,1
b197adc7311e,bb5d72529b002ce7,1
047d6c315ca7,9654da4060dc5530,1
794acdaf1c5c,e9cd70006ea9743d,1
dc06e1566a66,ea180509747f7732,2
babe296c1d55,89abb71e57b59c11,2
85d60ed0a819,83a2b641ae919d80,3
2a2494efa3c1,0602ce6a605adf0f,1
6d9d03a8e102,8520625ca8119e89,0
989c69dc9d11,0758b352888b0c11,0
2200a1eda3ba,0940c7725df4db4c,2
09f2049a36ad,da7e4dda744d1dac,0
a003e9f5637a,e6ede6d390c9d1e2,2
a2032d6a5ff9,7e6b588c68ccd99d,2
71a8af429561,d905f2861f1764a0,2
67a0eea67754,e57f1607902dc9ba,1
64ec29f49b49,5a5f56eae73bad29,3
7b3a6b29ce23,96479fc65cdfa6d9,3
e08c535caf81,b6c17b9f91667373,0
75780f780be7,d015fc3956058a60,1
c11ab0f13006,bae90becfe854e26,1
820199eb779d,aaadb009e840ecff,1
00e2ca0e4406,200861e2ebecc6a7,2
3c874ee89995,d7754553172b6d91,0
690b87b830ee,c2ffaf7ab0a1a533,1
d6553795a3a2,e59acded0a06a415,3
9871e2291faf,3800843220a9a51b,1
01980553c3cd,f24b6d0a587dcf46,4
617fff2b69c5,2793343c9a2bd5b1,0
bdebd8ad70be,b85943ab8060c97e,4
7e64c5ae4d5a,55b19ff8383e3863,1
fbf7f7c590ff,e0692aaf6aabb2d1,0
9cd882ea3dfe,62ab6576d948b6e2,1
afd7d22ee93f,420d7bd70c25fd3c,0
3f07b1bc14bf,a315955ec891de56,0
fbad7160b558,a29cc303c53c6463,0
af4911cbf3e2,ed28f3d49154ef7f,2
166cb9e3e515,85589ea48685dc50,2
dc4021172053,fc7f730e02d6a302,3
c23bfa39ba1e,386366232935926e,0
e0a0ec7b360b,e78850333c95ca7f,2
e0a0ec7b360b,e78850333c95ca7f,3
4a10d2108fd7,6c08cbb254919b4f,3
34647b316f8f,ecc42f87b0756ead,3
ba769ad78b49,c637bbc6f76d31e5,4
9b64d1647501,825eab18465695f7,1
634730ce40b6,b63dcd9e309df2cc,2
12e59cf7b104,34a1fcdbcf223edc,3
a8e16b1d95c6,6e036f66304e6533,0
730d9e35e1ec,75bab2dc1f65b758,0
5285de76ffd2,c0094ff58de91625,2
10422cf82237,1cec42d3e6f8f6d7,2
e6932ba8242e,60f447367c3d215d,2
bfab5e25ea17,2e18c8d8ce56a099,0
8083390aab30,651896822f295f67,1
b1e8bd1a4d35,670cbc639d401bd3,0
6483c35ccc11,1019614cde57bbed,0
7f0a4b8a1f28,37d454170329957b,4
1976db797f7e,c251fe0880e8bf14,2
46d7199336b0,ce59be9b3a1545a0,3
8d540f4f1d41,4b25009e1d868529,1
df120bd4cfad,eeca3dc45019a57c,1
dc7aefa8638c,d55d64c437be867c,1
df83bce07c4d,5757aa3d954dfdb8,0
02d2da5c7e37,2887f172b43bf909,1
366dcac29602,4080c94a6f958e15,3
e2186bd0444d,043cc5c8f8198590,1
f7d7839b9b87,0c58120d957ae280,2
be7a1b1bdd1d,4c2649210ec5c1d6,3
18f0d9281d58,4c3b4e7079a24667,1
bc630228fdea,5016029ec62d9727,0
bc630228fdea,5016029ec62d9727,4
3838c8b2dc07,28a270ddc1b6e0a9,4
0e71aa6dbeb5,5b25999bba9d9924,6
031cbc0a1b28,5c3941cc231f0430,2
7a23c42815bf,f1b7334a89d57f7c,4
188b1b656f2e,091b4204c98a1b1a,2
7db8d030c73a,d9fd63a87545dcaa,3
6c837c4370e7,8211057cf550ef41,0
3a58d65b9093,c012c9ca23f800c9,1
bff1f80467fd,b299252fb51cd5e6,0
e8e6a1e4bebf,329badcee40640ed,4
d950ee8c082f,7afa215ae8571d96,0
5776acff9b62,889ab2ae0dde0b12,0
5776acff9b62,889ab2ae0dde0b12,1
4c320695bff7,a6c35f722c08f8c8,3
4c320695bff7,a6c35f722c08f8c8,7
082c733b6007,c72a85585897dc23,1
d22b36c54a3f,b4cdb955b44a5184,2
a3e6ba96cab5,ce50c9bf9bd5d44d,2
b749d70023e9,5602141f079e4b0f,2
9e2c7a985d8f,dc8a4ed216342c7b,5
cdd3719a4200,c5c2328736516173,3
dc2f58eaa9bc,d4460a80ca8964c9,4
95a8cebb4099,16f6cab18513e6c8,2
f66625491b11,137c4e767f5a96ba,3
af25ded896c2,84fa0b072fab9808,9
13cf0c0586ab,e762d3fe17e8f138,1
15386cd2787b,125dad292a788344,1
8ae5720c8207,22b0288ae8e83530,0
563cc2928d44,1f320eb6748628e9,8
2b68ef6504de,5abf2ae8810b33f8,0
5fa511cd936d,e5b8c00ece1f5b99,1
f7a9d778a5b3,91482298d685adf0,0
972c389c9d42,8a98f62b77a9a3de,3
a69e29a8b15c,3c8715822f1b8ef5,3
6b4c26411a06,93a8e78d8bd5d417,3
6b4c26411a06,93a8e78d8bd5d417,4
037b0e31c705,6a9a44104dcb0449,2
23285d31b14a,b0addfe89d894f7d,0
a46e2a42ed86,aa0a2a01f8a7d779,3
28ef3f25419b,b36da9a6f9c09f4a,3
1e049c625ef0,c7fe14149e67e02a,0
bcc10607bec5,0e65e797db6bb930,0
27fbe66ef0b0,db73bac5f29b01e4,2
a9254a00ec0d,4b200d6af9e6374c,0
0186ec41afd0,a78d10e3aed5b85a,3
086a7b7c3e9c,444df804f91abe6d,2
cce87d4b5389,5ff5cb8cbca3b6b8,0
cefc4997d895,7dc4ba22f8284e03,0
6077d9f088e2,703b5929c3b615bc,3
f3799e786521,7cc6b25cc7f3a478,2
e3987581aeac,6f0391409f83ad59,3
089d2c64fbd0,2ad747afc02dc0e7,0
78a6050a6c0b,214f6cf50694ed76,0
78a6050a6c0b,214f6cf50694ed76,3
c8280cb22984,138ccb65eebd690c,3
c6fca01082f5,0acdb1e2a68d0da3,0
60261be9b9ca,50cdfe43a6d27519,0
9f8095c44c9e,cd03ea53933c7686,0
a95da5db4731,a5adc2c3ec36d96b,3
2b0ba370d7c3,9df452ca92eb12d1,0
edd43873a60c,ca72e7bf5af9c12b,0
f2dffcd1ecea,a2c9f1ecc819bb9d,3
93445d867171,264c168be6960782,5
307b27f158ae,58da61f6db521a0f,0
e3315951867a,6c990992fda2c8e6,0
20b9094b50ab,eb89b09ef3c7d8b2,0
71ca48757a56,1a57d1e3edef567e,3
59c1b7268321,c42485ac40c578ff,2
59c1b7268321,c42485ac40c578ff,3
a856a3dd7d40,6d285a65319404e3,1
da197521f409,9aab42e1082e79f3,2
58cfc8ea808d,7edf59efd929b507,3
b9e8480698af,8d3d895b277018c9,3
e393ee7849b8,2f798353a5fea7a5,5
5b38af2c63c2,e4ca4399df0136a4,3
fba896c9c1c4,a414bde403a6f06b,3
1643ede3a6f0,c23f947b17bb66c5,2
4b0efb88af40,9f2491f3e4c17a82,2
53cdf58ecaaf,361ae3afdfa72caa,2
2ba5a284b2de,0c3d2265a4d152d0,2
26de12ca133b,9087789f1f8ef164,0
2c2a5d94ad90,466c80363631b3e9,3
5f0928904f0f,7ca42e081a4543f1,0
5feb46fc3f50,c184e3e0c33aecf5,0
c30573067e27,f341558ea70ca733,0
30b5ee0b2030,4da3a7d87ab17bfa,2
694d441ca414,24c8bb714ca10fce,0
ff63af64e6ab,81aa93c0190af0a1,1
945607cb1fe3,9f4b06fae8ee40ba,0
38b541c0bc0d,60dfe59c0398e826,0
75af6240ffb1,ac5d9aa5686e73f3,2
2cfff9b2d586,48769dcb1b999538,2
246793cc293c,65bcc894df1be4d7,2
47beddd0adb7,9edb1644c290a2b4,2
2b3500de1214,6fcb0f71ab854c76,0
2d3440c1673d,df014bb5d2a0b6c0,1
3543bd881ee0,10493450940a1a67,2
3bf1307cce6a,311ca676298e1da6,2
3bf1307cce6a,311ca676298e1da6,8
41715b923a90,a7fe193e0b2c4406,0
88a2b7521826,2dbb0ed7c5b6c54a,2
8a6ef0f59471,b2f32746b862a90f,2
0ee646f3c5f1,e9594e98c57154e7,0
9237bc36cd0f,3e88df1a539f0de4,0
fbd7626356dc,37212c096da4eb03,1
d4bed5d02a59,5f94225a5d942562,3
a70e70541180,31b43993a827246b,1
828880b88aaa,6e101f865dd91d1e,3
f9ef50fffd20,117e844f9ca26069,2
f43dea79ce7e,8e96d1d3f6df0254,3
d41c1a30e776,337c5d2fa894befa,0
8c1fa2a57e00,f179be254e3fa240,1
56a045180165,2e63ec25fcc9df8f,2
759dce6f7a42,5fc9bf080fa5afee,2
a13b4f919f98,ef5f7f9e1222fff4,2
070903e5ffda,8804f7a60bcbe509,0
eb7a089d0f54,3376f8bdc4f426d9,1
1f63b77cebf0,5df4469a987de0b3,0
7388f0ce9a55,8e314e7738d541db,3
071dc592ffb8,056f48e3e3c11de8,0
01445f982103,ef26bc193f742679,7
a8d0c42d5df6,51028035092b4c60,2
b1b689379203,e839043153f0e679,0
367355fd53a2,956a9a90167da00b,2
c1216ec8e4b4,cd0746b3cfc5f0ac,2
c0330eb8fc5d,e7fd31c5e18b51d7,3
77d13790f5aa,58f7784c588037a3,2
daca50ee2848,114573f7d758b107,2
4d405ee6f725,d8af6f43046e20b3,2
fa10b149336f,5622dfeda72f783f,0
260d0d2013b9,9a2fb077eb3a67e4,1
028273298619,624aae1020dd3dbd,1
b1409dc0e106,ddc5a9c89d67fb3a,1
24a82f793490,c32114a531ec5f8a,2
85099d195536,4dc5056c8975a69e,2
fa484340720d,a9b90f1194a09cb2,1
14fcfe15830f,892e747e0e4b8bdc,0
cdedfebe2131,73af00fcdd451350,5
34da3371fb32,808398a6d156cd37,3
89040a2712a2,222233fdecb67105,2
6b3c26099d62,6113c46d243df71c,4
b00e34856f36,f350f1eeb7f2ed27,2
57efba1fe7a8,919f965b976ac795,2
ab493cde61d2,cada1c982f4bb247,2
849809150504,1889afa28e425a5c,2
20a9e081c949,2bb965240ab824c0,2
030c70319885,639a290fd76ed6fe,4
e93799af5f2f,68a91214eb4da00f,0
6ab5347f4eb4,bc7cfadde998379b,0
aa5f614caf23,c15bac5b417c91fe,0
bc342eaeef99,27009e98c91c14d2,1
848c4d2e94b8,3b55873b719b7c27,0
3685f2a1a63c,260f1970d48bfc04,0
24bf30215fb9,0220f709b8c6fce6,5
6f659a61b194,c5e67113ab55c06b,6
3a8c9aa58014,f701504b2417111b,1
5de4e73fd823,5950fe833b59666c,0
b42ee5f9b863,84fe36f90d1902e5,1
8b10c1a71b70,122b7d9b261dc861,1
9b8ca2f8c29e,d3c301a34ab5d4ed,6
52632b315d39,519a989ab83f4544,1
82f888c93041,a8b152b1fbbd37b9,3
8684f0cb3a17,084303d8afb25998,0
6e6dee976228,799e3fc4fad7e01f,2
fa3b600a2e69,765843371d3f733d,2
6c39dabce5dc,fdeef7901d2736b0,0
1a781f5edcac,c99dc3109a34e2ce,2
ff14f7d5bdd9,314f11aedcb2102f,0
2d91821a8927,6218b493c8528a97,0
09e35afbd7a9,e7ca2cb13b974b41,3
fe1aa3941a4e,32c201a517e5de3f,1
06f48b2c475a,0207cba564635bcd,2
a853314cd16c,2075fe76dfebcc23,6
4feef5c92997,28221581e9410fca,0
9f7bf9226ee8,cc1ed87dbe67f79d,5
ac0ff13e3852,e588c270d6b6ab52,4
e23d01858098,f29d0b5210fea05b,4
cbb16dab0124,e742b6f3f3f5b518,0
e751fb72977d,facead6c49438986,3
934460cbe5c8,b3235050b6bb0de2,4
cb2595f18167,691166ead75d5daa,5
04c2b8eadcf6,93c2caa577eec8e4,0
0a8a65d25a91,6b0477defd6e8951,0
8b6fefcf07b6,7f1336726d7e7e9e,0
9f47ed9ce220,53f21936c19d75dc,0
50ed0c408ab8,52b0a4c5f24cf186,3
4b054a674586,59141f6248b00b1e,0
73ce97a6ffb3,148045cacfd11aed,1
6c372a855f01,f61fcec829ada102,0
5981d2ac353f,5289ee5d5e3473fe,4
b0ee6db5d65a,94210a96997ec4cb,4
64b3d75e0d45,1294b23d736b0adf,2
e918e8c8b9a4,53bd4e38035fade9,1
6cf7f34fe9f2,64c07539f96f9454,4
62e1a9596fc7,e4f334a20e2693e2,3
fd7d3b95147b,39c1a2476fe1de8a,2
10754d73a5f3,628354d6cba0bf8c,0
6ddb9bb8987e,89cdb9e2c6f749f6,2
0bdb72116db6,73b8065f64d50ece,6
d2f7d2082000,0960d061afc583d1,2
d2884c060803,1b9f3f7f65d1c4a3,0
d2884c060803,1b9f3f7f65d1c4a3,1
1fade2e79ffe,abeac4fcc56b94d8,1
bc77ad75d584,feec042b68c025df,0
9fa8125fccb9,63ad8f23f2d50369,0
735d5ac4cfa6,567c78264dc81a72,1
1b265c30376a,44efc7cf5dad1778,2
4a85d2a56930,0b24cf7c34888727,0
3a4f1e94780a,2eb37f86ed5707f2,2
dbf1e5075bd5,b98e8ebd66548398,2
189d43412d8b,4557175f7ed0efba,1
b697333c9f1a,555a8a83ac6e761d,0
5096ba0b3872,066c3db9a04559b0,11
5096ba0b3872,066c3db9a04559b0,12
cf5110b2555d,4552f6e3e52fec78,0
f11c725aac19,ad5e114f7e2aab66,2
a36fcc9a68d1,56019ff548394e9f,7
3a724059832c,c0e87aea76fc0c88,3
984d93e24062,0134dc7f8c5141a9,4
87bfa66380e8,2714c5bec71555d9,0
411de3a8dca1,78909f7c914db662,1
57f9dcaa2855,91ee150353ea5170,1
39faf8db17f6,7fe2edd4af2b6a8c,4
d066cc00d6aa,88e031ea29887bbf,0
d066cc00d6aa,88e031ea29887bbf,1
c5099713a755,10a2e5c237111ba7,2
8ae7fae98ee9,b58cabe34015a76c,0
056aef7b775a,231d22d889742b3c,2
5ff11ed5560f,e1b50c6e40c6d802,2
753d9afda9ec,242b3336b0822ea8,1
753d9afda9ec,242b3336b0822ea8,2
ca1530097eec,eae043d684bc3c4b,3
5cdb8ba6cb43,943d28648f98bdf3,0
ea5565f3b632,7547681bd11d10a5,5
f416fa39660f,3108d31a34a27a3c,0
db7a9671a550,8a2fc959bf1cb26c,0
ae6a3978af4a,4b3f5da12ac958a1,1
8fe8305d38a2,512b6e2d594c68a1,0
91dea1ba8cd9,c09c5f25a3e834c2,5
644e7c8f3ddf,3bd79ea16b096788,0
d7b0c7439f5b,0569f2d91ccd3686,1
c1e7b7ea7959,323ed6b8eb564c40,3
7d327661d3d9,be28fb819f02d546,3
f43b2bd6b2f6,f34d114cab0832e4,4
b840edd45677,fafbdf5783073506,2
0c2d903c9841,340a0b0526577c8c,8
e95d1e8093b1,8ef6233bf29fd90b,2
2fb44edbc640,3b5f0129b5d109d0,0
2fb44edbc640,3b5f0129b5d109d0,2
a50d33ce0149,73de48829400fa0c,1
badbdb31e841,0735c46bcc3376a7,0
541908bf8b0e,cfab335397029d09,0
08316cb18c61,edf202b56ccf21a8,1
d77fba896e85,184b29cd8267e494,2
abc67f34002d,2b84d42ffa806aec,3
2422f24e2b7c,ca57e669f1a9744d,0
2422f24e2b7c,ca57e669f1a9744d,1
9d5cf03ae294,7ad43d4fdd46f191,2
b1070f363404,148913748a2edc06,0
a4bc43cb55cc,87b97f1363589dcc,5
97d04e5f1883,d31eab818f8ab51e,1
81bea19d197d,daf692192a95bb4d,1
12fa99f349a2,6b0477defd6e8951,0
f11177163ed9,1d642ab1923a7bb8,0
181ab72887ed,d033a33c02cb353a,2
c3e010468e21,379a29f14cca3492,6
4f4c91346ecb,92027d3471f7defd,2
f5f15749c670,c582ec578f8125b4,5
b1fb745df572,1d74d74983d4cd85,0
3e6a4e8ee533,7bdbe6ac9b0a54fe,0
827fbce7ea4e,87d04f19dd631271,0
ce7efbb5a1b3,74abceb2c0d5985c,2
cf73d7d7d132,ff7b8389230c7767,2
1881089bde21,85fc74520e58dd4e,1
d2f7cf505082,cf2db4f8b964ca66,0
b547a87ee8c2,5dbcebec05a705cc,2
9865d5cefb82,462b717e16834a73,1
b7c5a8b8a630,35fd6a82ff107d63,1
a4287a997947,f4a768e6a865e67c,4
abccd087f178,1dc9c25e673da60b,0
73d0f50c3488,cf07d72b87ae5cf9,3
73a700e390ba,5518e8d15990b857,2
34b2336b9a81,3c72ee832dc117dd,0
7b23a10c5601,bcd863ee9ebb14c2,2
8e6940a74b9e,2ccb75bc0e074ae0,1
465abc2ddc2c,c357b7970f64bde3,0
fa673fc53dc2,73c30413ce7136dd,0
c54690f7ee87,51950114eae99ef6,0
f8f259448e9a,844c57b8d0eb34d7,1
6cca12dd30d3,7f8f6edd5b92ebaa,3
68153f85b69b,c5304a92fa917de6,1
9b11a35cbed2,7d7b642d1f12c705,0
f2168e3d7ce3,a252cfca35fcf64e,0
7f7e7025a77c,06fce20027b22669,1
4cc29ff856d3,b41b6f74adfe239e,6
ceea2ccecf9f,5978b5ddf97bfd97,0
12c9122ccdfe,8530c40022bc6cf0,0
73949ebf5fc3,b9ffb165698f51d3,2
b78224dfe925,f2fafd969247501a,2
e6514e1ca2a8,72f81aa91a5ec64d,4
7ba6e5892f5f,20fcdaa9f10f8e73,6
ae9919552e2f,b2cb82b0d6d40f07,4
b65044b13740,5cbcf42dfb382e99,4
a80526860be3,c7b1edd0649173a4,0
8e4ec49ad735,a3bd4bc65d044085,2
483ea6fb6ed0,f506c4e8fd1ec970,2
ca7b88e5c67f,e5835f0ad234c0ab,1
1ee1450cd87f,f27e8241b0c22a48,3
730decec7317,ca7ff9b20f5d6181,2
7c0c66aeda04,0a565707b7512dd7,7
060d809d282d,f54e996bcb366e4c,0
5c4265b7bddf,8a6c765a0ddce3cf,0
8f015df4b08b,812422ac5dcb2de2,0
8f015df4b08b,812422ac5dcb2de2,1
36558a8cb334,f29120c4c0be6e72,14
d6f0572eaedf,c81945b30c0321c0,1
1157139005ea,05746bbc22b361f1,1
861bcce17a40,7676b5e6237316a3,2
2c259a49a13b,549eca08cdb5ac74,3
16e2d2d8c98d,b4928bf391a7e5e8,1
4f4597a3a235,5ea8bcce3337c933,3
fd50b5609f58,6f19c15c8466a2a1,2
b5caf145708d,6b524006e3661674,2
f802c92098de,1d79f73818d27804,2
a26ff3a8f8da,b18dc568fa153220,0
b57cd2819427,c089601f400d2f26,1
3d340098ee49,aa5d15185e210eef,2
ae95fb69eae9,881494821e385bbf,5
387d254f3d5e,54a6d4bd2e61f8e4,0
ac3ea1ad0e4f,5954b50e3d310420,0
fc8f55270f83,1a8ee04f79e546c6,5
3af983cc4373,d44610170446335b,0
1f54682ba2bc,7d26250c4ea49056,4
f2e43679d286,d6e632e7acdc801b,1
91bad2c8063f,8e5290c237635b73,2
aa9d88e4855f,b501642e8ec99028,4
2fff0f34d256,6cc2b02c985051f8,0
fe98cab132ea,ab2837c47a09d47a,3
92aab85b9046,2dfc49747319c444,2
f8af6f253267,3e7ed5419a8bc11a,3
cdff60fdb1f4,7f0ac504417b428a,4
57f3d75694ee,4ff4555b03fbf1d0,2
77fb7c7b28e7,30796fac4c6ed51e,3
0d4a7a0222a9,fa68765dce40560e,3
dede875e097d,c6dd55b925ae6280,0
4ffc4d43f7f9,62b98b6d3e672aad,1
5f3bb772d4fb,1d0b1a36ef01cb24,2
0a12c111c667,94b24aba5b61a9ee,1
ecf9484b7655,4c94f36c48686208,0
bbd1cd0672cd,149360b464fff4a3,3
77833ce4c72a,caff36fb1de2d533,2
a5d0cf384cb7,b18675d4dbdb1eb9,5
87373495a68e,3bafcc59ca68d091,1
87c1a37af023,ddcfe8c2f3098194,2
f89abe596f5f,17c16e4428e33588,3
670db95f577f,12be7ae8f950f3c6,0
c6f9b4ab1bbe,07b9432ce5951400,3
94d07c38edc5,af76197bb0db3343,1
03eeccdd3cdc,be52cf83ea0421e5,0
0a436de1e8cc,02863028904e0cd5,1
9e12672db882,c81cd78c8a939847,5
152f32941d39,74f19794ec136f13,0
98d73920cc45,5c170b5cc66a3319,1
677173e18e60,5ab06d62cca97444,6
aa3510d0a289,be7aba423a93e242,3
5a5407128d15,3537db261bd56ba1,1
17d968dff9ca,3101d4b16a03b229,0
eaa2836e124b,63acfb1e860412d9,0
c1bdc4793c20,fb5c8ec5cad01d0b,3
d5d93a4c234f,e929247e9130c568,0
f4257c06e6c9,2c79412072ca10bf,1
05f4e41bf24f,2f77260c50b17136,0
2f499c56c9de,519cb74533b3fad4,0
c463e0f5e941,7fbbb6f009442328,1
785db2ed5729,3db8b83dee970f14,1
9229b8f2ab82,fb493e8d6c1dc654,0
7c757f050803,5dcb555665a1d7f1,0
ec923824dba3,e7a3968bf0b00a6d,0
135977987662,6c8ec3fe1447ea21,0
1bca1b70d0b7,58e083d52856c614,3
c4428a21b633,bd6fd069cf2db1da,4
c3ebc71038c3,847b2e84e75e14c8,0
656da2a318ec,d8cf3eadf2ae5aa5,3
808b49aeb273,d455be483ecaf642,1
44a4c6fa3c53,2186b76cc5194e77,1
70b3cd912c19,77c159d1c8628d32,1
71112c07ebfd,bd484b3c5df4fd4d,4
3327062acd94,005ffd93d9cb9ca4,1
3327062acd94,005ffd93d9cb9ca4,5
3ec9af6afed0,51abd310d5a69b3e,0
d57cb4a264d8,ecafec3e7f0c45fc,0
2fd0388ec750,2bd06980c62c17ec,0
628320a192b4,f696f6f50dfe019f,2
f3ea564daad6,f6254508aadd55b8,0
2c032212f0e9,bca7b8e2264c4cb2,1
5575eb86f0a2,66fbe780c002a73d,3
616527522bd7,8e28c1cfc170196f,0
228370856fa0,6f191c72d802c973,0
a72457ab3b66,b4cdb955b44a5184,0
6a406f467e06,09f798c74b01bf1e,1
c8db512b4c5b,dd6eb4e60bdce605,2
0216086475b1,1699f0f258383b0b,2
66b6cfd8aa6d,78909f7c914db662,1
0f897f7247ab,74a13b452244b220,6
cb3dd4e80f1e,f701504b2417111b,0
fc070f5938ef,e0fe4a86f5676561,1
c55872aec32c,0913467768484f62,0
bfd504ba1fc7,ecc54e28a1ab0f2f,2
a67426fb364b,33d1f06ceebcc22f,2
eeb80eb93015,359b203afc85bd48,3
1544dc6b10dd,11656368fcc19491,0
0f1264c4e918,4a12aebc05c0512d,0
82a53a361f09,bb03a19657dab305,3
7b92e0076dee,ef2c8f01e3a90888,1
3625ff850041,06e0d612be853487,0
3625ff850041,06e0d612be853487,1
36f0c9979815,de5be855d48baf67,1
15b543d5ac3d,ac799ad78fa89eb8,3
19a6ead0424a,db1d2c71071989f4,0
ca36be632c1a,7eddb7e28d8588b9,2
7d69786d215c,252dced642dbec70,2
f57d5cfa56f1,e51aeb49ffdd7aac,2
fa2b971324c5,ff968207e4c91d4c,6
0d99d702b215,deb7b494d8609dab,3
367f3480dd57,8fb762aa2787f904,5
44cddf937ed3,a4efb072a0e96dbe,0
93bc1ebc2639,74f19794ec136f13,0
d817921ecfd1,9e8187840cda9f22,1
9ca16eff64b2,e8928935973848e7,0
9019e5a7c4dd,8629bceb32caf6c7,1
791b46c69875,062549231b80dc94,3
d5dfdfafb406,dc29d18645a17af8,2
1cfb5151919b,b0fc45028f893c0c,0
8c0e13bb3141,1d45cd5ba171d4fa,1
5236166b9eac,6d64262cdcb7403b,2
9febdba974da,4654c480fed1663e,1
d2b62aef7491,5a8005ec54bf30d3,0
31168173d5ff,f2a1499c0950db50,3
2d6c84e3d45c,90b98d648bb93c1d,0
8609e073d0f7,f7899dd50efcc6cc,0
dc29a60845a0,762f533bcce8a8af,3
179e093c6870,803f76c7b81aa48f,0
90ef820f9cf8,7c5eaf437677a2e4,5
961b418cc730,905f2e89c419ec52,1
3830baee55c3,59b62450e9586328,2
b86a926e496c,9320fb043e23d8a1,0
9612e6bb8899,11dc5646c94aaafb,0
9232088d1a0f,a5f94e6c894c7760,2
3e71246bc09a,9c17e28de5f050ee,6
f769dc0d1af1,ac8f95a49dda458d,0
67af7df1ed31,0bc18df2c8686866,2
d180c3a75666,c8b70b7610f9197e,3
d426475ced8a,4c51850330571a46,3
d426475ced8a,4c51850330571a46,4
d4716d751c4b,6c213afc415d7077,2
73f64bbaa094,209b6d025ddd04b3,1
1a240c2919d8,0eefc209ae742a0b,0
64d20fb6dee6,d7d4e733d51a474b,1
defcb54e02e8,588888436053e6b4,3
0c0238ba87f7,c97a9587b398e582,5
ca563e90141f,b85e4ea4b98ba153,2
b268edc26470,39589ccd47204dc6,2
628d4174298c,bc689484d0031288,0
4382df855d10,afd47ae3f22f7dbc,0
23629560f7c5,a9ecb90d0407308e,0
268ad1c86e3e,3ff8a0fa2eb9b94d,1
fe41bf264557,328f8a834f87db67,3
67683f62886b,36578baf541060fc,3
45602362e31a,5c0c860b80b7fb78,3
12fc7189b626,d4bb8527060c40cf,7
38283d028cfe,6e5878befce2a00c,3
0caedd6ebaac,43cadda4fef6c6c7,2
03720033e30c,4d5570a67d4062d5,0
e3bcc34d2c33,41fbbcde50828e26,7
e3bcc34d2c33,41fbbcde50828e26,8
e3bcc34d2c33,41fbbcde50828e26,9
925a52f00adf,d47209af7deaae75,4
0828b5b279bd,775f2ded0041076c,3
524cdda5645e,9491ca6e6565eaab,4
24338735d7d5,dc57f44b915781f1,0
752ed3046bb6,27363a36c4b1042a,1
1af27ca10267,f601e2b55bad87ca,0
ff3552ad2641,7a0ff6498aa5f872,0
d7ce0665fbda,b1a70c729f768536,2
7e0f447a3595,1325597433b5e40c,1
9ffdd95ecb8d,c68b6cb0a95ae922,3
325b9890a8e1,69a318a0ea39e7df,3
1e38f092ed0e,c140adedab57f28b,1
4808b68dca4c,e4ffe46eadb9a72a,1
eb893c273a44,822450d0cdcd492b,2
4bd01b735ebf,d7cb54e01d090d6b,1
d9002f621d51,574325e17ace3770,2
cd587835dddc,fce1f0a7c0552702,0
cbc16d660e89,8af45d32c5e862dd,2
8d315d71d051,681b60e8f399ee5d,0
f33b517543f5,bc4508bfacb740fc,2
5abc1e213a80,66b38b2f64313d30,3
ec1af54121c3,9d949efbe82f6d5d,1
12622524531c,04b61d5efa6cf458,1
b820c687874f,19e3381b9a166c8f,5
8559aadca4a0,5d4b6ff6d7e319b0,6
41469eb2409b,44450aa4fe6c5558,2
0507695c74f4,e5b8c00ece1f5b99,2
ccb8ecd29d10,a7b755f11017b282,6
6e5116ed04c6,6e39a9274a6db598,3
ff8976c9d17f,3e6403b73f82827c,0
fa5fa8f0289e,05f496cc50738691,0
8b31edf23830,5d3d3bb941e77f43,8
85ff12c3f3b5,9da027bffb4db73a,1
1bcce08eebad,8827a313cd827cef,5
523692fff648,84913ef717d5436f,2
0e9b89ec1671,b5076d10c6ffd386,3
2065288f6482,1499590597bc72e2,0
6c0b25fd9574,96005d6fb4f5b5b1,3
4509da4bc5d3,dc5d12028db05ec1,1
0fe302492f90,0519f94c5a878a8b,3
d40fc92f2b6d,e30306bcea2fd4da,3
539587130b44,7bc713db5c8cfa66,3
f0c4fbd440a1,f2e67536244b5adf,2
31ba75975054,5e6dbc64ac2e96d7,2
9cdc578c5a26,d8a7c7acd4768f49,0
da36f4fd7da9,b888d01bcedabda4,1
4a5ef92f0b65,9f7630d9e2138147,0
2375b409b02d,acfbb512231edc55,0
434f338b063f,9ed808bd92a9b2c2,3
434f338b063f,9ed808bd92a9b2c2,4
12f456ddf864,7f3e26d60e8299b0,1
aaa57820c2de,958b39f75d2f4ede,0
2e6ee211bf0e,f7340d5c66e03a00,2
db1d0fdd7256,cf07d72b87ae5cf9,2
457eea66c5f4,0268b94ebb24f157,0
7084be575e1d,c066d717293a0716,1
2b2138ad30b3,8ef050b274cd5510,0
f2a47d2b0e88,6719b3ecd0317f7b,1
c554c3ed6407,38f3a67a51b91c66,1
0a972f4653af,e4a4ad3465777884,0
7d2fed573c2c,67997a448f22e188,1
e528ac85c75e,db8b35833b0376d7,4
87e8de53b915,5f7c6848277ddfaa,2
0cb49c00eada,7c0e7a51ea1fec04,0
770b0d837904,e0fe4a86f5676561,1
d2b94c091b55,b6d26db0e5e149e0,1
cb575d8f60c7,19babeb0f693c347,2
4dd6cde81c0d,70458192b59642b3,2
1320cb3333c8,e5b8b31231403552,0
81921e9fa56e,32aaf37b823e2df7,2
a6ef905d5245,c687864e9081f410,5
f44c33f55d9a,3c024dd9a9406a79,1
3ab794f9a0a4,70bd7e022bd8f5f5,5
d78607ef7131,60d390596630343f,2
3f8d7529027a,ecb4abaea0562db4,1
953814693861,ee5846523426395e,3
ce2391d976a7,e7b7ae6ab327a5c0,0
f32742a158cb,b80757ebc8186184,0
f32742a158cb,b80757ebc8186184,1
059a812c41d3,3570e431ba90d218,1
47514d9ebfd0,cf07d72b87ae5cf9,2
21b182b8acfe,02a1ecdc2fdea37a,1
f762f1ae2239,a5e37c153cc468d1,1
19b411fc5d24,6782cab5397f887e,0
33d08494d694,17325b4e5b549764,0
839c01975dd3,8c708836b687300b,0
a0b1d226432d,2cb5e89ee99782d9,3
677fd9ef096e,32febe24c8205bda,2
13fbe9f12b03,099ee671db08858f,1
ee241df422fe,f907e80b1277a2b7,2
a580f1df1be0,e100fe0653595602,3
efca619f2fdd,ae7e6afb3ea21604,2
6b963b955690,0f8c93602cf842e7,0
6b963b955690,0f8c93602cf842e7,1
fbfdd0705d5b,a571949ffcd63854,5
442ab577ff42,b6287f469c43c7db,2
55309fd8ff94,f8a0dda72a221ae8,0
ef455ea6f789,2e36eba6bc3168a8,2
1d087f80cec7,0334996cc2fa033d,1
75f51c43bd2d,840e24fe5a8e9802,7
cf5c294524f1,40cd2865b65a1565,2
cc5c100696f7,91482298d685adf0,0
57c2763e362c,99ddb8b85a050da1,2
cc953b7014c3,0e55c3ad5e855f92,3
ff0c6243bf52,88ba178d484df5f7,1
79fddac33f7c,88617c510708b111,1
bbaa6961f5a7,0f8024c4838ade6d,1
8d91ca0394f7,d31eab818f8ab51e,1
13adcbb434e9,3f8cba461e486099,0
6ab0f0f5987c,7ef887bf40985859,4
64c981868be1,43fad2f3b77e0f4c,3
cfbbc14c9bc6,78961db33d75cfbb,0
389b30c7eb99,ab184a5ded7a019b,2
17620e3238ac,fb40118f482bea6a,0
79d98b29c368,0bcf00cd62f57d8b,3
2fef9c483805,74cfa60685aa4cd7,2
3fcf9e731315,42e305640ff36084,4
a3e0bd2dc935,3d58f7fd3aa4a728,2
4f71c66669e9,5805ab0bc9933594,3
b18c67711989,85b7701c89268bde,0
b18c67711989,85b7701c89268bde,1
f1dafbe76101,f24b6d0a587dcf46,2
7001c7b9a4fe,f92c01b7d27f3650,3
252e81ec406f,a7c0fbde7024694d,1
faff90d398c6,7576f186c10f889d,0
faff90d398c6,7576f186c10f889d,1
f6eaed526945,e4e919db728ea69c,2
c6f028e4d1ce,8e95c313beedb9ec,3
cd2bfe6f2ae4,44d70de80c0261b0,1
694c811f0e5d,7f6253d0fe0f47e3,2
285271ecbd32,245376e8beced7e8,5
94228d5458e0,65ca2b10f31b71c4,4
91c14fb6119c,9018cb83b4fc56c3,4
9d0b1ece6a14,0334996cc2fa033d,1
dd0413c23dc7,ed9e1ed988c87268,1
073950247554,9ca858772c6b6f27,7
710406657ffb,1b11f7e4381df38e,0
44413b37819e,ca98ec62c76604ad,1
bb65f6457995,687ef18ec7dee544,15
8263675a22cd,499165dad2f9980b,2
2fad1f59ac3b,5a15ef3841d575f0,0
720dd9b5447d,236e7b445c0efb1a,2
dda3e57c13e3,17f352435ae4d53c,3
18b434cf2ba0,8d1326ed2e8d0e85,3
33e4f8a3897d,a7fe193e0b2c4406,0
de38dcd35cba,dd6f1db19cf88f0b,2
a732bc355d5f,bbf16cc7952fdfc4,6
656b198211cd,6309e94bc5491e83,0
761e338050dd,6f112001cc96a8bd,3
103959516e18,04c790ae25cb75a2,0
289f860dba97,2b3423d90f2888ac,4
12de57922460,4277a24832e545fa,4
e3ed8555bf95,49c2f7b1ea387cd3,3
fb899ce313e7,af79b4bd9080ae21,0
609a28832bba,fabc06528327e820,3
99a636242342,a0b7c29fd2e4d537,0
99a636242342,a0b7c29fd2e4d537,1
f30f3cd3355e,6e99fa8d99553110,2
7460944091d9,b8c1c1dfbf1d6afd,3
fdbe25c426aa,d867136dd5ea738a,0
fdbe25c426aa,d867136dd5ea738a,1
134c8eb63289,65003d68052348e9,0
435bf85ff172,7b07974998a053e6,1
8fd93f1bb58d,7d2b9e759b0d9a22,1
8fd93f1bb58d,7d2b9e759b0d9a22,2
4b6ff1462e2d,5fbe08e34087c73a,3
162f4c92d788,b1d62da726bcbcbd,0
6aa0b91b9bce,60dfe59c0398e826,0
6de535d17f62,116c4dc0fb2aa4c3,2
8a69cd95f60c,8f88f582bb8d3286,1
8deecf99f392,55dec7b9298b081f,4
2f92e12004e7,99f448b3a081b9a4,1
4825d69f8b2a,4a3872a8ac432c30,1
9022a41ee972,26a303e52db87c70,2
f88cf7a9337c,c8d0838484ebd7b8,0
1b9fc8c64de5,4d82e2efa1d75b71,0
9226710622e8,e33faeafd6db5623,0
40589f211d7f,2cedc433599f58fd,1
7f88727cbb86,73b61718f0f3c3f7,2
f92a91e8e65e,ea3b94c0adef0382,12
b1ce91a760c3,0fc8e14c1049a064,3
69d50e03beec,4c14c0fec6b8e32b,1
d7488c0c5971,26b2e9d71dbd790c,3
566a9dea6b7b,882e2c89048f6afe,5
ccf699e7fd9d,37a1fc199d65c367,0
18c75bab31dd,057f1944bc77fea9,2
f0932d6a20c2,82a343b91b607804,2
fa88e057edd8,08fd1c63681b2fa7,1
39bbcf1d72e0,753f7346d7a7afaa,2
3871fa308b93,e47ada6d39b8fe4e,1
6c4347859e72,c151d808daf47423,1
f8102f74d72b,42d8a8505a64eecf,5
f5741ad368db,444df804f91abe6d,4
e41852421e56,f2703b4f7e8caa3a,0
c7ea38021ceb,60c2b3c1167b12f5,3
70c577507cfd,462ac75f7995ae3b,1
96274ada3171,0c56981096240df0,3
202af9bac89b,34927e60eec34938,6
1dd255b73da0,64e840cef3fb58a2,1
125794b060ce,753a556ac8de1fdc,0
4bee6d0786c2,63b1eb65c1a27170,0
1bf516e6e327,940e849c0818cf60,1
8ba618b82519,e55f1a6b01c7d92b,5
1ae8aea48945,71e0085002c028d1,1
cccdb0d677a4,9711756b1b7f75c5,2
cccdb0d677a4,9711756b1b7f75c5,13
e5b99ccfab6e,7b29ddee8736259c,3
a0cfd7512fc7,9d8e3304e0bc5195,2
89bbc3915c9c,d2a2058dcfd7dbdb,2
65846cd5a741,8b0901cb711c9e3c,0
ff5d8fafe3be,50c3fa12efd8fdf6,2
732d49fa76d9,6bc7d42dda01ac3e,0
1afdd3109022,8534f24e0a9de597,2
e1e9bf13f5ab,5d0c42afd02eba57,1
eacb37f54a22,a08e6862756a08c3,4
154e6098f42a,ee0a73bb389c400b,1
de0bbd729380,e958be07ed16cb3c,0
de0bbd729380,e958be07ed16cb3c,1
87706e70d9a6,cdb9240d2d76e24d,0
ab0e9cbb4c51,98c6cc3127425b3f,0
0a6c31f7fcc9,ae4069afda8c877d,3
2ffe4189fbe9,3c72ee832dc117dd,0
0dfe054d6139,d7e149415ebeedec,0
cc7f8a3eef31,5649c67d08a0221f,0
ea1f640ab218,8e9c9785c69a6436,2
260884326c83,d599f7cf6a721086,1
9962eaeaec48,05b9c93547936d7f,2
a985e8ab8ca6,898e998f9c126b86,3
da3f83807080,6572252ef3fd23bf,0
6200482818f6,158ecdac9be95b73,0
adffd6484b94,c36742b267fe766f,6
925518aaf26b,8d3ee5fea4c814ed,2
0e4e49a69f29,5f224da8fd6445f9,1
3b4141de7b55,d54bde296f329ee8,2
45acaaa43101,b635500252a18ec0,2
64f551a7c10f,b829803ea8edcd44,1
c4c1f1a6e086,1b8af791ae787d7b,1
3ce210fb7b2b,7ff0d0d864f26810,0
3d72d5f8e2ac,793d33c2778a79b4,0
4d34001071d9,93229b9915e51a3e,1
d63206caace3,ae0a334ad615f6bc,0
bec7f87b31b0,ec9fe3d2f3d0762d,3
3ecc017bef23,06d0ee569f1d2105,3
2d636129d4c4,21751ef53bf0554a,1
307968412b4a,117950022fae866f,1
e2f4ffa8a887,778031b8245ca1be,2
9352aa02cb2b,a5cc47a73036a9c3,2
971904f2e17a,57a8f0759afacfdc,0
7f3d9a71da92,2ede01d3a87cee64,0
1eb4a772e25d,e5b5c7af6204addb,3
8f65504fd984,12a4ac6adc68b946,2
f654f2c63bb4,585e53b5f21ac1d1,1
21151dc714c4,9e095e9b2b951db3,8
7f7a7a30c973,23568d6575502700,0
1c0fd7557b9b,7a2b17222296dde7,4
30efd50bc52a,78632a7eca90a0ae,0
30efd50bc52a,78632a7eca90a0ae,1
c362c8748357,332ec955ce80d20b,0
c362c8748357,332ec955ce80d20b,1
c473e1141962,f23b24c1c0386c37,2
603adb5f3f93,f629a56b982d2215,0
d411636ecd4d,54dc947eeb4a6c6f,2
ccb791432197,2fa151c987a74f08,0
ccb791432197,2fa151c987a74f08,1
9a56e0569790,c9211ca49a2ba602,0
9ab6a2385f96,a94b8b496e81bd2a,1
98c5bd695627,ea909ee5ca87ab84,1
ee4cafb3a58c,67ab8fc1a650b193,4
a7c80286a023,88bbe38911778af6,1
4634af2fe411,bd16883c24fa7a80,2
6e2bcc0cb683,1db140b4b1a45cae,0
6e2bcc0cb683,1db140b4b1a45cae,2
7e4c2ec924c8,d054a34f407fadbb,1
791e4218e1b7,46c1e78361a99eb3,5
0d7a3b44b4fb,85e80cbcaea9d8f9,1
2c51c6f37fd0,6748046267d42181,2
bab63b5a37da,1a4b97f1dff4c381,1
4777e970a618,0ef7faaaeb7a7b1d,0
fd8427376518,b54b2f3198a419c0,3
fd8427376518,b54b2f3198a419c0,8
92cb6541a9f7,7cee4432ac5c7d82,2
cfe167070231,2426996dc6904d10,0
e6b58ef4894f,a8f6263a19d448a7,2
673c049f6e66,da456f27ee69529f,2
ab304a921346,82ffbaccaf4d21ec,1
5ec2f3c609b8,e094e2e2e8a74cac,0
a2d6ea03c654,7cf2416caef037ab,2
555483028d60,74a6e01586949738,0
3a936b719f67,733131f9a8d3f39d,1
2ad8a8d5e18a,8f08d3b35fa9d7cf,2
35a630eb8668,419592a8c8460252,0
d357b528e953,711547b960b4309b,0
b22369c674fd,07856b55c0346358,2
f55322f3e47b,b03af5820d0e7d09,2
d94acb2b0ff4,8c7186d295be9a64,0
4ecf9320f4c1,fec7ba87bfb7cce6,0
fed549c3c7ab,db2615625f166c56,1
bf3a7c577e23,f0670e35688541a1,1
8be36772047b,1a42dc84561535b4,1
cf82b05c9438,ccd2e510cc83794c,1
4ec2f236c2fb,d9b9ad4843b1ab63,0
df4954d98bdb,999703135caa9fe7,2
28638887f45d,85fb090ca9f9c1e8,2
3fc3210e2880,398fe031e0ec3a5c,1
6b4e856b5d1a,da6d102f0f1cfe8f,2
74cd2bd14bd2,c518ecb6974518b0,0
3a061855f840,836370ac8a62e7d7,1
c758abaac092,1e4b3aeba4853d2a,2
7152a81a5ab6,fb161fd589a3f76c,2
f3ab32468c60,2ca2c9a57d0f6087,1
9b3d613f23ca,4eda248dd36bfaf8,4
a94f2a895073,ef7a6d1ff0452034,4
50735df6018f,ce4a612177c3a224,0
84905c5025a0,8e8b2be6f445e435,1
19465f60d115,64dbc8875b744d33,0
2b308273ca91,e8ac932ab9cde7ba,1
995eaa7d265e,dd4204a68318cc28,1
ddd9ca6460a9,93c1ef6997baf6d6,3
1103ea0e70b7,181acc81f3dfadc8,1
7b45fc59a24d,2effd9136aef0501,1
ffd6419bb00d,ee85174b699e3f75,0
488b2df35171,96c915d4c4b76c7c,4
468754949dbf,cd572e0ac4128ada,4
fca0fb5d7aae,48f2e4454f76e06b,6
6e7488fd94e1,65f131753ee9d67f,2
9d1fdf8493e0,f1d3740325d63884,0
709e9f80744d,e5d04b86af8f089e,4
709e9f80744d,e5d04b86af8f089e,5
933d91d63ecc,59e45aea61fb9925,0
336437b40a0a,420d7bd70c25fd3c,0
35e71041eee1,9a74e4fc9d475ed5,11
b6213480402e,2eeee0cb3232fd81,2
4f110984292b,c73307b1cc0b6ee1,4
142380cb9585,1e7c0e0594c993f7,5
d63bc73c574f,918f11880c5cc16b,0
c97427b38463,a970b25b88c96acd,2
328302679bd6,f4c107715b1b287d,0
9e4736702575,5ee4be239970ec5d,1
a0edefb789f4,a2f67924d18ab0a0,7
84a0822c243c,8f958b44bb7b8172,5
6cb161585ce9,95d47b82128866ce,0
15ff7bed23f7,cf141fd724f1cf49,4
02b61f55a7a8,356367fb6deee338,2
933ce1349883,22037240ed21f8ed,1
887ef8a5a962,f84b1781339fd054,1
bb9a9126b36a,e6edc87dabb44cc4,1
4d5b853fa5fd,442afaa151b9da34,6
cd7307a87a42,b59bd3f5538ee119,2
a2625e15530a,082dcf25e079f74f,4
348d0ab357d2,bbf78436a44be2d9,2
3b9b4251b8bf,43cadda4fef6c6c7,2
4d716234571c,e9b0bd0f9d5e51f3,3
e4366fa0ad69,5ef5290f35625675,0
03da475f06ce,3dc41bc04c1006ef,3
552b66de9adb,02c74ac58be5751d,6
48e2b5205ff2,3e6f5829578901b8,2
9fd6a1bc3afd,57978a1a37e2bc2e,0
9f8a09b576b9,71b56a9b78941f75,1
b4aa8d71309c,ae8eeb77c1201d59,0
88a0611513bb,a65d5db438b95136,2
b86b2741ac22,95269acd2483ce19,0
d4521f0740bc,85c4bfb126439a6e,0
45ba9281204a,822450d0cdcd492b,2
60ff8393638d,57b58d00d491e8b0,0
2e8f59b3fcd7,094874aa8d87bea3,2
294f026a2487,7233bd318a350d70,2
4cdf28c8d380,1026cb5ee5312920,2
9e9925156a17,7a7c14f34b75b20d,0
b07889496476,0220c659f1bb7138,0
0acb606dfe39,5de44f724395ea10,2
80f9eba9d9fa,a5adc2c3ec36d96b,1
d55e47f39d80,61fbcda4612e30f3,1
88cf6a3dd2cd,8e8cdb336af7fb17,0
5275c61e3637,32055d7e273753e7,1
5275c61e3637,32055d7e273753e7,5
879e6ee986d7,b1acbd31577f6958,3
3c67452c1eab,2245a077e719e51b,3
86608660122d,92e1565ccb5ddab7,0
7a5836c06aba,283eb2bb93b5dab7,5
34afb40c729d,69d113d3cc7b75f8,1
2cd5e59df728,1edeb30b4ed73b53,2
911e11cec606,faa4c9faa477b4dc,2
9b89df69ccde,bd3e34fce17fb0e7,0
04189cb9658a,badb0ff2954e2ad1,1
4c11b78501e6,dbc0c8dc2cc625e4,0
431cbc20b5af,8e82dc4823f6fdc7,2
437f494be69c,6c9b33fc8dc50a23,0
b59e4fe62ee4,41c24f85b5381847,2
5c69f303e26d,2a756dd2c89354b9,3
478c012c87bd,14dc9389eaa19ce5,5
fc67a64387cf,0290df6b3599d086,2
9a6ba6575f7d,fcbd34a1d83c322c,1
884fb5877c97,18d3338961d49346,4
3a58a4a4e4d5,d10395f68b3f5442,0
8ad121e9c917,d45b60c1c4a46d34,2
14344fcee668,fd9ee250b939b9c3,0
4f27ca2ef863,0f5074d97c7e5d5f,0
bf47d3725030,29fcad549ff88769,2
f4b07a030e13,95a5a21f99e5a652,5
f8ca35d15445,00010c25a9434a1e,2
f8ca35d15445,00010c25a9434a1e,3
cb8c1a7b5341,ae2b133b57fc7701,3
996134a81e77,c0d360a6d339fc06,2
5a05cf274877,7fba5b5bc04a1026,6
c68b35d722e5,087372353c02131c,5
b3d78b4fb97a,56c4870a528b84b1,0
4ba149102af4,6797922bd3ec1df6,3
68b7612a80b6,6e757daa7eca108d,2
f0c678b3977c,b4b8422b5d6be648,6
adf96b6c880c,ef02481d13a8278a,0
505d6836461d,3511d31f7722a7ca,2
90a8500760dd,7586379a61590c24,1
9ddc9a4ac850,14f0b37a84039a3a,2
edb65b3707e2,deea0605daeea48a,1
d9d2c5c22e99,2f9db4c187ef2eae,0
d9d2c5c22e99,2f9db4c187ef2eae,1
d9d2c5c22e99,2f9db4c187ef2eae,2
d9d2c5c22e99,2f9db4c187ef2eae,5
d9d2c5c22e99,2f9db4c187ef2eae,6
d9d2c5c22e99,2f9db4c187ef2eae,7
f5494af5365a,c895f3768365e4ee,1
1c6637047860,cf42e8765edb6b53,0
cf1f901ef45c,619fdbd097faf810,4
ca0a94eaff23,e3a6ba73da8a2d83,0
4287217e8b1b,0f12dec0ac41c881,2
7528eb7721f9,54463c857049e68d,2
7c2b666bb43c,34a3907adc2a83db,4
9670035c2ad9,8f4c99a69d8ef7d2,1
e5ca1c195940,a23d01caab05ef28,3
09f8815da51c,ddf3aebf4023d488,1
aa59fc923c56,73de48829400fa0c,2
67af7df1ed31,588888436053e6b4,2
3dfdeac4ca74,0e1f5aa8370a488f,3
6ed78b862318,d2248da2607c0772,0
6ed78b862318,d2248da2607c0772,3
08b9a2a9d619,5942dd729a65005c,2
08b9a2a9d619,5942dd729a65005c,4
89bab10ebaad,ca79d0affba7cdab,2
a4a6dcce6c72,a450b9f5672a1449,1
38f700983827,b4f15fa9c070c1c0,4
03c089fbd756,5a9c973cbb4faa2a,1
81b5202eabd5,951a919c1b820a4f,2
95f8cb7f82de,3d831f5713997148,2
41296ab747f7,433327b768d8d3ba,1
a0da30bf5291,b2703f7d581b008a,0
a0da30bf5291,b2703f7d581b008a,1
697f53333cc5,c62d340ea716eb6e,0
dcdf2652bfc0,c807233822c41717,2
7a8fd1cc9fb5,794511e69f56cfcb,0
da24e1b66ae9,f3fc71e8802f8004,9
98e3b29c95b1,b3da5014c6096bb9,1
636afb77fddc,fd9ee250b939b9c3,0
0fe7ea131566,b54eefecdd957fdb,0
6a0faf751eea,179e9ed52d797edd,1
29af0674c178,94a6b0802c1fc167,2
a574af02e0d3,684be809c313d1a1,1
8347c2b90074,588452538fb14496,1
cd6e0d753eef,b7a05115abe29b29,2
1c5027f3426c,04082d361c1da94b,1
1c5027f3426c,04082d361c1da94b,2
83bcfc3a8201,91ee150353ea5170,3
50a7910debcd,ed570d5393f126ed,2
26d8d4d370b5,43620a09a2334545,0
439e739fb0d0,b80757ebc8186184,0
439e739fb0d0,b80757ebc8186184,1
fe8659e6da96,018cea3280b800c5,3
bec79b79696e,a016fdd8d38a1122,2
e803756c7b2a,cc8bab750c7cbe61,3
1e8379eb42e9,e2463b6dbaaaca20,0
52d5bf1ce153,e8d482f79b345243,2
d7005c7af753,0f465eeada1bf902,2
3993ab7ad916,eeca3dc45019a57c,2
bf4996cb6025,35985e0bb75e990e,0
821701c38ec0,21cede44f4dc5bf2,3
ff7732470ff3,c6bf5f9ee612f0da,0
bb70641aa3f3,dd39a7ecf4e41b06,2
3a916da9909b,46c0a1b25432da22,3
8c2c99ba3446,cf47fe69dd97cd4c,0
cc937e786121,ef9239911141d7b2,0
703235433c9a,5326dd518b1633b2,2
7c71ebfb7c24,148e4c8b3faaf6bb,2
c024cecba607,6330269db1ae4e06,0
91676076b531,410e6939257d2a3d,2
43bd8cb4456f,16f293ce0a2ad0d9,0
f0e97110df91,298678a543a7b051,0
63cc9476407f,e070eef42d0a667c,2
28726a81913b,0668f1c715656aab,0
a967a52759f4,eb9bb83c98fb0cd7,1
719255f6e85e,b5aac5081c1c1d95,2
87e95a4ad12a,09e85d4604f72358,3
00c8edbceec0,e8ac932ab9cde7ba,1
24f2872ab59d,ac7f1013a32652e4,1
db0767f8d3ee,3489b997c141eb2c,1
2083b93c3fa6,a951e004e2cffc1d,2
b323f28a5735,beb0edff8afb3553,1
eaca9bc76abc,10f402557a06325f,0
407e1cdc7b7d,c29d38b555259a3c,5
fcf4f7de0634,b28ff004dc8d1803,1
9b4af45cf23b,6649111bc236590b,1
c31ebbc695b0,5017b389f4c2a400,2
c4a3785cd631,34f169d7f37f0328,3
c5664f324f0b,15710dd9e69b01d2,1
1dde974c4b65,2ea534b80d941859,4
c5fadc40e971,920e949c79443017,2
971a86f6cf14,035e5b3401b809c9,0
c4ee65587d0f,85d7b0292a2ce4ec,2
92da40b489fa,6c704bc9e235eb94,0
8ce3033899fb,ca890380efbe32ca,1
4005b7d714ae,ab780f7019046f3e,0
09dc4caa2190,8cedb5fa5459016a,1
c2ec7d9dad70,11c5ff2ca7027698,0
42eb92575e8a,245db2198fc88f7e,1
1aff20f01208,9a6ceb516db42403,3
ea9e95a78d9c,5226ccef105c12bf,2
b468f11a34ab,179439e8106f9887,3
5a36822c2a19,a242135e945cf3ec,0
a52eeb06c592,ece2640542950a9e,0
48d9c314a202,b45443fc8a2044da,0
e786bf247e8d,55de0aaf4826ad6c,2
9ad1e30fc3d0,1bc5cd507f3f99d8,1
83f7e7bf9464,e6e4b96ee42d4f35,0
896b0321a412,f36f55e574492a2c,0
ffc7a19e76ce,1e1fff6baa4a2466,2
7c045d16815d,1347236358e3e8dd,0
fc0e870c8deb,a88f712c86fb6599,0
290cdef13d57,19fc7a18fe09efd7,0
2599300dc34d,8da47ad0d1217bbc,5
96fee1141747,adcd12bb2d146148,2
8f285aaa44d9,c2606efc4afff4eb,4
76be7a2bc5c5,a72f73317df99b29,2
a4c4a4d28508,429737e59fa8e3e3,2
c48b4eac3739,ecda7a4a4c018f6d,3
e35854cdae67,3442e7425906df2c,3
12a2f3d17b90,9bf3b6d81e929139,1
250b7c172357,168ca5dde374fd6d,0
2ac86c3f597c,cc17a1b66a07bcaf,1
2323a7fe447c,d02ccdfb4702b2fc,0
8f2c7923edb5,6bd614b452335b59,0
6223519eb9eb,557dbec3a14304b9,3
02e5ba8429a0,16245648be73c139,0
f753cdc2b4f5,f6ab2dd476c462a0,4
90968bac3755,75879b1727ddafea,1
9225daa1cbd6,64ee0df0834b57bc,0
1d7119201638,35dfa3033b6e59d6,1
efb578d76e3b,5622537a1e258b2e,7
0d5d8de46385,45c2bcd0d0831d23,1
474c10b6c894,7187ceafafec407e,4
20c8b3cec296,278ecc62e31ee104,2
bd7d91f543cb,e025091d474ae601,0
681e6bb9a85b,e95671dc7bdd4832,2
5d7f6d20401a,07363d85f16e0f32,3
2765c1b79f30,931b62dc46e5ba07,2
61abf596c834,7b58b9e4675897f3,6
26f9fef17976,246758da2f68c5d7,1
70bc9a2cb7a2,36f12635220220d6,0
8a4c615b9164,a45a4f5280c6db69,1
fc4eadb059ce,97dd985cbe3522f6,0
c55c3c0eec9e,af4832b025ea04fb,5
c55c3c0eec9e,af4832b025ea04fb,13
21122c8bc822,86246b999c7231f6,2
75450cf69c7b,8c4733fc03da256e,0
c7b9b85b3d4e,14b3db767f76fbd9,13
2172db4e1877,efa8e8cfe76ef7c0,2
a20e16a5e861,1aef793f5fb1ff71,3
d7352c72ed9a,8ac5a89c3007acb7,0
c2d00aaa7204,d71c1f9acc951616,2
cb6e91ebc36d,80173417b28ea248,2
ffbee895f091,a2bf29cc768e3c30,2
5186c45cdc45,4636aeb57a0d6d92,0
4450c5ab9e25,847b2e84e75e14c8,0
82c7176d1fe4,5f4b4331167c4181,2
70c3f3aa3df3,589698caa9724dd0,9
1cc6c916f5dc,c26a789d1c7d4c73,2
d02bc40233f2,afb9e397ce077799,3
cf85726bdf00,c5a639aabc366f6d,0
17ad4da78942,f174b1465180b2f1,2
0d753d5b1c2a,74c3e65ad795fdc8,3
3d03c033cd57,4c535ce5510c059c,2
3d03c033cd57,4c535ce5510c059c,3
1d4d43df4a6a,23caddb7d272fcef,4
19fff6ef2f6b,5460f48b2515a739,3
a05b119b0ccf,8d64fde447725bee,0
c4a61fd65a13,4120a895cd8d440a,2
c957fc07d9ad,d2d3333cd7532a5b,0
6b2a9d8959dc,abe2f7579558fc04,0
ccec4226f0c1,a4c922500c2cf19e,0
28c774b00d68,7a32cd0ba34890a9,0
28c774b00d68,7a32cd0ba34890a9,1
41b1d26b569d,2e61563d1ff500bb,3
7e6b205c6c0f,1647e651b6f2142a,0
ac1423d84131,d9b9ad4843b1ab63,3
04cd217d6c40,9434bfa938f8dd40,2
cebb8474171b,4310d600cb407d96,2
9f59276fb4fb,2c5c2ea8139152ec,2
c87009cafa6b,dd8cd9ac189e826c,3
f5870ad5f6f8,a1fc0d7d9e00fb56,3
fc1cf5b3fa48,843d43ea61c06d7c,1
aee876118b66,f039d15c5b65b729,0
1819e70e6e0a,52ac467a01f56ad8,1
093fc96188b8,8cc8530a24742a8e,0
32b33d2a212a,585b64b403cc3278,1
fd35ee9742fd,9443195d488a8b5d,0
c7a239f3e4f8,90084d3bf8f761f2,1
f46e9ad6a53c,6bf5d74ce40a96cf,2
16b6864dd739,5a09412d6b8d70ce,3
17a71efcea35,3e123a1c26085a8e,2
a02efcdbe3be,fa1821d8760116f9,3
3f96e56c1eaa,076edc32f17a8931,0
a83cff638a4e,019b4807ae920364,1
2c65eeacfc9f,7b1dc105ae7ef539,3
4d64bc3d8521,2c3771ab89718535,1
4d64bc3d8521,2c3771ab89718535,2
48d42d3b7546,a65cc35853b30b48,1
2e9e708896ff,9a91a88eb59eebd4,4
5a42b6f5905b,7dcfe2f6c947a43b,2
a4df3aa52e98,78ce090fd5c8c598,2
06d7561e8cae,d4b93abc2e8d910b,0
018ecb506afd,e0d5e5164462dad1,0
e3cfc42c9ac4,395720dcb8513360,3
3fd678d10adf,c9abdf8ff32b1e1d,0
4fbe557aa196,ce6b4be7c22cb658,1
214460ed081f,d3b119d493863d8a,3
0ad35a63662a,87bd3fb8298224a1,2
cd062453e666,7a7632b71c4555d8,0
2eda3febb0e4,4a4a3619c176b44e,5
6eb86f5a8323,f9aae2d24af435a8,1
f22143584ded,2d69ee0d2eebb3f5,2
6eca212538ad,b530521522c76752,1
2c1adfda1b31,e6c670cd4897c567,2
2fc0c6c0cb86,9041fea7309ad77d,0
023609048dae,ced6c5cbe0b568fb,0
38922fc991b9,c0ec315e2710146a,3
38922fc991b9,c0ec315e2710146a,4
9157436e3c36,46b09226b17d68e9,1
22ee95e591de,c7c3b1a7baaa075e,2
22ee95e591de,c7c3b1a7baaa075e,3
a0b07662c051,c30d967d70bffa19,0
e5be3dec2f1d,610409dabfd82431,3
e361c0da9e83,40bcafc10c36f9de,0
980eb306f6e7,33f1d70f9b7d85e2,0
1ad0a69a8541,207d6e1d0e1b997b,2
2cb6b4cc5c77,02b293d4c2388fad,3
c29a0fd679c9,4e6eee0d4d978010,1
a9bb22966609,0f179ba0de3934ed,1
9458a9238d08,68c07ba808c51250,1
d4c040427270,9fd2bdf09abc7961,1
8007a386b198,d20121d68139e244,1
61f248c8124f,6db12884f177adc6,3
ab40b383a2da,c7ffaf2937a33497,2
4fb577982725,99ec97bd015b98e0,9
d3354947e90a,2d0eca17986979de,2
b15d224aa6aa,0faf8833980f8194,0
127ffa813121,25565fdff1f2dc40,2
20ecc3bb54bf,9b8ddd7b713031a2,1
20713a2405c3,4774d161e80c1a37,3
2f1fa1075ebb,255021af7339ab1b,5
285f82ef7d35,bacb44417f0d941e,0
e6cf79ae342c,b7091be80adc68c1,1
53eaf3747e2e,bef16ce2eafc748f,5
3bba98706481,e1b631d738edd13f,2
6930202a7914,354daa1a61d94af3,1
6930202a7914,354daa1a61d94af3,2
f6688e2be45a,957a231648246138,4
b072887fb75a,44c560a003e55c70,1
b9afa52f5da7,30d423acd3adf296,3
4ed3f34c0b24,0130e74bd57824c3,1
0dce523e1bc2,16fed3735909f0c9,2
8bdd4746c123,b407fbe6bfeb71af,1
e13185f59636,9f0ba4324bb0a054,1
11423b3c008b,d67172d399d59160,1
d34f430cb593,28eb056e32874fe4,4
4d9e843ae39e,4da3a7d87ab17bfa,1
c8058a174c65,8affd155cf796ef9,0
d9da6efc6b46,69fc8ef8b1c4291e,0
d4003977b272,2f4fe83178acda4e,3
3bac602e89f0,a8a2e6ab46a456b5,11
5b65f9cfcf1c,fa50d7298a3c60ff,1
47a2c5d09e93,23cee5c9fb194e6b,2
414cba7947c0,22c11bf28827cdc9,1
295728eec00d,1207ab3e2f19cf8a,2
6d0e407a1d30,a2a58beea6e9a393,3
53638f9162f4,6fc99081c0851c06,0
42da421870ea,cfdf1eb39839a4a9,5
a8c19cc994ff,5ece1a093c5259ea,4
5d4126bbb7f0,56bbfbff8eb643f3,2
a1ac3eeaabc6,0ca2f3d98193ad65,0
a1ac3eeaabc6,0ca2f3d98193ad65,1
19bb92577ddf,5cdb2d258bc98df9,3
fd4ee923eeb1,18bbdb492391d814,2
5bcb6a146e16,620e9e04ba4ecd5d,0
260390da6a10,d99aa499d6af50db,0
908a60015543,a7e0baaebf4dd764,5
9ee5bf1f56fc,c93a9e102610c032,1
8d6463a26b0d,3dbf345b603fdb67,0
d2a9c3850f61,481c3af254963f18,0
ba6efb48368f,1f033de7e2f4537a,1
8d6f501b2d66,5fc476e1e7314e76,3
8d6f501b2d66,5fc476e1e7314e76,4
2fbba05e1f39,a54bf9d2190420dd,3
c0947a817efc,8f28fa6340d642c3,0
8684ba047e09,335352a4cacee008,1
eb8cc24141d9,5bd1574a7789e74f,0
564a2de51024,e1674ba6b1f41cc7,1
a01a9d5d450b,0bf9b562ae4a8c65,2
a01a9d5d450b,0bf9b562ae4a8c65,3
260758c0a826,b250d3d581705655,1
260758c0a826,b250d3d581705655,3
12a8a2099886,ec3035e9bac06414,4
2f3de6a634a1,8060f51bdf3f9fb8,2
769ee162e380,6aa5990e876e8896,3
a64d4a5041cc,cc77f382ac0f7db0,2
01128d562661,aa64054589b7de81,0
150cf16f072c,c588c5bb6e18eed9,1
8e0cbf90f95d,d98d99e631e4ae6f,1
3f9f72d8bb53,9af51effcfb2c8d8,1
48c9df18d63f,e30306bcea2fd4da,3
ed3e7c84fec1,2186b76cc5194e77,0
0a11a4084393,c724806b851474c6,4
a78f20f014ca,37ca28e560da03d6,4
5a2a2f50c5be,bbe396d381fb1f66,2
84b62fb8c27a,c37f5a8aef5b61d9,0
51eaed730b45,7bafdcca0ff98db2,1
db0a0de75fae,25598060035e7d1d,3
730ec3510f29,4636aeb57a0d6d92,0
4b6399e193e0,4ea06330a3bc9eaa,8
c3dd7adb7c9d,c96e4012f9a189f2,6
3279c0d8915f,6cebf73aa9bb13b2,5
030d9bc4db5b,00ecdc254e8d3c3d,3
030d9bc4db5b,00ecdc254e8d3c3d,4
60bfdafb0f4a,d1a5357844adeba2,3
37dc796a0f63,fee4573001d20b2f,0
7ba91642e5f8,a9e66017327371d3,1
79b4698681fd,b700027706b7fc35,1
93dd59e38eb1,d910048b4a0076ad,4
699065b4a396,8d60205ea0b33b19,4
4c499fff8d37,e792e5a0fa6ed41c,0
5b1cdc051d59,df78c7500909f083,0
2b15600e5da5,87d6f347b760fb67,0
0284604e13c2,7c0695c191c970d8,3
0c57fc46708e,246a29aa5c722df4,4
0c57fc46708e,246a29aa5c722df4,5
82618ca4fd5e,336ce12fee490827,0
d6bb4a091a6e,04262d9b5c9b0362,1
d6bb4a091a6e,04262d9b5c9b0362,2
2b6fc259c1ca,12712637e32f800d,0
6bb568191abc,794511e69f56cfcb,0
9b4681b4e778,bd0f52ab27ff3d1e,5
ed74fe9d359c,30ce5318bd05f216,4
0268e0301205,661af0a382b4f872,4
0268e0301205,661af0a382b4f872,11
e53c471a8ee0,209b6d025ddd04b3,1
a74dd837fa6e,1c5e0c4e47639910,3
af26c2439c1c,1df495a6f6e45513,2
29350b6f733a,bf90c5e7ee5d0065,1
b83187fa8c43,696ea2a9973ae7d8,0
0233bbb5a377,7cfeaffd44d0056f,0
7533decfebf7,50245929867b5204,1
ae445a41f24d,bf238968a721a91d,0
43916ffd14e2,51cff92e9c0d83c1,1
43916ffd14e2,51cff92e9c0d83c1,2
acfaa486ca60,0ada8c66fa3aca0e,0
aaeb85c96288,7c0cce3706e382af,1
52cad34c2702,8267d1dd20125e06,0
8985c33de42c,dbcc9547b4d70e69,0
eaccbd0326fd,b0cefb0b2dba66b7,4
e90352637fde,a933fa87e0ddfe62,1
cb78a68ef220,cdfa745d31c447bb,2
445de6cc2425,11af476c365cb79b,1
aaf4c25b9d21,b7655fd9a137e65e,1
18504faa27a8,3045c5e851d80249,6
1f23db90b8bd,367300173ef9bb78,1
f8981bffa8bb,32c314a6dec023dc,2
d1980ee9888e,fb6ae9b0639a122d,1
0b3cd87a8ab5,0c0b495096724fb8,11
312117a282b9,05ce3b881894312e,5
312117a282b9,05ce3b881894312e,6
65223a28ee9c,c94e9fb4fb6e6fcc,3
942523e03a82,a958a4de0f5dc1a5,5
245c65d3c6b3,d78dbd8c2a80af93,0
b59c0ecfbd26,e7fd31c5e18b51d7,3
f7be03a61b7e,5c80fb631a2ad3ad,12
f7be03a61b7e,5c80fb631a2ad3ad,13
e3bdf24149dd,4705fcf746893e93,4
b20ef9ff20bc,56a188f94e82be74,5
6eb65d4c2f6d,c41769afc32a63e3,0
5c49e8f7bd2b,88f39707633c1b5c,5
2732d58ef499,2b1fbb70569db165,5
b0de726b30a7,d4fa068220545f7b,5
78d853b66769,b3742a3982a5526b,0
588b5970ca05,67ed48b3cb3ad370,1
e23810f2f473,f9a0ad6cb0c38928,3
6f4734d9af39,5197d1054c8f3845,0
3f607e153ff4,b94a60211f3fd00e,3
eec76383c5bf,1a66735665e778d7,2
5f4e8b3567e5,a6f4e4396e292e33,1
37a9af38adfe,1e760a1789c5ad30,3
834320619121,45ceb2d8dfe4f083,16
834320619121,45ceb2d8dfe4f083,19
dc32c2a8c5e7,9bb769a93f504aad,3
6ac8da08c88b,841bd4d808686f47,1
5b454092a142,9c3d4f2f91e55d32,2
c8b709bf694e,64bd44efa1b63764,0
8fa504cdfd58,27363a36c4b1042a,1
3f4677f02b5f,58e9100839f13797,1
a10c4622e2a1,e2d94b9a82ae79ac,0
a08b9a87a5dc,fff975a4cf05ca31,3
fef8f0380390,2856fabafd4bff26,0
3e2ba49750ef,25b27a88444d7a2a,5
76cb3ca89d72,3c2e71c9a5a947ae,0
3d323b3c0892,2ef73c02bcb63e03,0
d0a8b1ba1398,4dc4ecd86f888a2f,1
969c6b001578,9bb5acf9aba17c04,0
22521e01b21b,d9907cc9d37821d5,0
15d42c1af029,e46aa4ed3e493345,0
5498ca04713e,7f04920a1b2acdc3,2
8f5342b06847,e3cc0dc5f78df5ce,3
4e4905d938a3,9a7e64079134398c,0
ce251b45ed69,12be7ae8f950f3c6,2
714c750c42b9,26016cfabd5e1864,0
280b30e26942,f77ea457a037a8e4,2
f77013403256,a8106955b2fb06cd,1
30305d476bb6,5c5ce06ad5bd4143,2
fd0be7af11a9,e613b379668980b8,2
ec40d1f0ab8a,1d038931bc5df277,3
e75e6de40c49,363cdcd17a867172,0
8ff63f268f38,b4f3c2eb1ded9c41,3
56e8ea22984a,1ef269f5e6676b90,1
754a5b71f019,71d1876288efa807,2
0c0b954945ed,c55cc6655eac8f19,0
38980a31b7c2,c8c3358fe0ae2c46,2
b36326625c8a,1143c5313cc5e614,1
b627192c15ff,193b0e04f43ae5ad,2
43d5261e6a4d,c0615c3b74adf9c0,2
a3b34d3e116c,5875c5634bfb28e2,8
69b891cd3052,588888436053e6b4,3
36f46cc22751,7827eeefa6ed52c1,0
36f46cc22751,7827eeefa6ed52c1,1
ca6afe84842a,88a55f49d5cdb370,0
ac594516d54d,b882222d7fde7ccb,2
c5d7aae5d7f9,51ce0c6ae1461e37,1
f7db74ca1f85,19d6c9bf2db80f9c,1
a458f12ed836,3b1e7cba884360d7,0
aca90520579a,3b9f744ed0363fab,3
aca90520579a,3b9f744ed0363fab,4
c5b260c10516,de1e794aa9ac638a,1
eff331903836,1aef1a1e3c14a59b,1
b13c55cf3ce8,2877e3daff7d2c2e,0
36612782c7e1,fa61801d360d8800,0
b17cc8a373f9,f75c1b4f49aa5c09,3
00a8830b69f8,58504ca9858f387f,8
2f9a6d255bf9,7ea52fb1c93e20a5,2
cd89d1b564f2,a20186fec2424374,2
f08eaa15ae27,36b8df365c9fd2ab,2
6876a87b3ec9,de3844bbb97a6dea,3
558a1a2740c4,b7f7c2d1713abe43,0
618434344dac,6f0f94803f5ff3b4,0
6ec1a31c051c,b6d73f55c3a879fb,3
2fb8bed3ccd8,fbb4c132255da485,1
136bbc29992b,cd6b8bfa82bb97cf,0
c111bdbc2375,a697e85280f6d4e7,0
7f6cd2a8b547,e1a4ee75d81408f3,5
2b7b24024f3e,bfc08a1c3e842ffd,2
7f55cfd4be0c,9a499745808c076b,1
8c0296d6d707,7b696e41f1917a67,1
869906c3abc6,9776299997ab1b15,2
d50616f88d00,4bb0c7cd37be8fb8,3
debbed076238,e0a268b9b66cb4cb,2
6eca8a40ae24,6bf26e4899149498,1
702a90135f06,ac20b6cf8f0fa5ca,0
0fba8b4500ab,7251696d5513136e,0
a62567f3a029,f33989a58b458383,0
a62567f3a029,f33989a58b458383,1
b13dc07c9358,6d9e51bcdea74971,3
2d62a38890cc,c404dc789f828526,0
f66cfdcba840,a76d5d8b0df37040,8
71d0847c24d7,5f0ae821844afac3,4
43ee11493a78,7a77eaf1e6a1dad2,0
b2889e3cf594,686903b0caf1efdc,0
a2dee5f64b00,d275c1f26816a8c8,0
13c59b411761,cb331b16ec35704e,2
9a67b7eed6c2,6ffc040111a45d8d,2
1abb236f72bf,d74e26c044706792,3
7684b003cb76,7f5d0e252b3df122,0
d6c2f6cde15d,3601e71aea46c199,5
ff27e13893ac,159024bacca9e07b,3
cadd22162d17,794511e69f56cfcb,1
6825502f343a,a5b133b4270a3cd3,2
5c89fd68d8d5,8fd73ba2f6a2e3c0,0
3399512b499e,ee7b9c78fefa3d4a,1
84eaff1585f4,c2ffaf7ab0a1a533,1
cc9b8e304270,405287ddd7de8065,2
ea345473e115,6c080091945371a7,0
0a2bb097318d,863abb09fa974789,0
692baed0aa94,b067a8f7851cbce8,0
6cca60022787,5bd1a7513c10512a,4
cb5a36c8b7e1,0a9c1362c3881372,2
637777f57429,8770c98fd6f5be69,2
3d120d8d693e,7dcbcb2d5d7ddf0e,3
f42ded1cb724,d7754553172b6d91,2
9825d2932c84,6e49ecb8a8a026ce,2
e612a13ab675,423e18b59f6bdbb8,3
79ab70628d97,02dc3e00938151fc,1
77a7486128a6,b4e5f0a393eda592,3
5af7e6984f84,0bcf00cd62f57d8b,1
7c6bf1d8f915,4ffc4b2b397c2ea6,3
125ed02d44fe,4019d8b773d15ab6,3
369f331dbcf4,8b456886c4ca0f3b,5
cf4e54b8197e,df45d891789f6430,4
e64718908fab,5a30a17f7530e958,3
6eebd7b6b7d7,fa0ce3057587ab89,0
62422bf883e7,525c6261d1c113fb,2
a182077a6fd2,b8aabbbf042a9589,3
5733319b415d,6061b1e03e95f3d3,0
48dc438ffd38,dd1d69796460a3bc,2
11885ff596f8,4933df68e8d46670,2
d23f3a7e2a10,6cc6e695100bb7c6,2
15d2884afa6a,1c5b351316a065c4,0
0b022baf127b,9b4366c719baa38f,5
d0c82803df21,5df4469a987de0b3,1
c219db406fc7,a406fc0c8c54a7f9,1
af2119ca4f0f,1275d743a6907cfe,1
494cac5ee686,e9adec6cb8f089d4,1
9f04c0990bfe,f35044c42c77d2ec,7
389bf9f528a0,1ed767f3d46ba965,5
a5ad130044c2,a370c386aba5d8a6,3
ceb692312359,2e19f0c135558de0,2
db12e21d013c,4b85f26c39bbb4e5,2
92ee43cb6363,452fda9e6a53b223,1
6c0ddf6e6df2,c261448cdc5114ed,6
19fa9108d3fd,429d3f41b8a14975,4
70a809d66208,20719ceb43320e99,2
a55b0582e88c,da14bdbdfa3c00b9,10
c15471403c0c,e8732ecc408347be,1
e90a6c7a848f,9051d3e53a8f8431,2
305a7d3f9d98,58e9100839f13797,1
e450b21b4f36,c4529a1e5946097a,1
b32c990daa6c,34f75105243d7ee6,2
f66fc8c2d1a0,be637e60189052aa,3
7b5ae5915c90,8732d45c6075ba60,1
5ae418538fcd,6425ad0c00d7af2d,1
5bdf728d3683,8377fd9f42647abd,2
35529c7ee2eb,c48bbc06d640fcbc,2
94203a8ca616,be8eaca312ef6f9c,4
8dc602e4008b,64b9cb0a47a82907,2
b063562605a9,c8868e4acfa25641,0
7f68a87b955a,0d30237da4ac2426,2
c48bbcc20949,782f7cea419377f8,2
10df409c5311,64fc970a077d1b52,0
3be86209d197,efa5bb3ac34c0d4b,0
cbf5d2af5f68,a16f56b0af3b05d6,2
6001ea415b68,ba99386eeb496181,3
6ed0e9168f5f,10b7757e36f1e829,2
551384ffe042,a29b23e852f2c159,1
7b40c6136789,f882b40692939ad4,0
f290038d3dcf,f6b072b1e2e3e697,1
ddb9208a28a4,7fbbb6f009442328,1
33b302882c6e,0e1595f66eb24b70,0
2d56028f93ad,4c0dad0802fc5e62,0
b17fa0f4c2d3,e39547a230e83afa,6
5a5d180027f3,d5963611cf67038a,0
fe2957d26dab,34a500633311118a,0
e4b6d077c14b,77c56d35e08cd46c,2
c735fd5b5030,553e48b6e6c40056,1
c735fd5b5030,553e48b6e6c40056,2
5497b013cefc,de8e908822d5f653,2
de40687920f9,8a6ca6878ceb81bf,3
cfe7f765eec6,d3cb23917be07b9e,2
b2c448731864,33aee8fc172bac2b,1
684b60aa8e66,89e991186fdd2629,1
dfbd33d94551,708d91476d50ada2,0
e0b9d253262a,2eae53af0a818447,2
d02e4fea0829,acb4d364a5f84a1a,0
c2cfcf74f01e,668bfa6b84f35c2a,3
a240b463a050,30ed575c1e66d29c,2
8748f0c1e350,2a3a59d953282900,3
a496cae8c8ab,82f1b37b9cddab8c,3
ef963d56b0c2,20526326f54b12ca,1
e3b85a55c2e3,e20d523124397d2a,2
0b48d598de7a,d6dc64ccd973857f,3
e5e12d53f6ed,20e7a197c9b49082,2
b8312c505291,15f38639406f1574,1
c9ea6324568a,5dbc876312191475,1
c9ea6324568a,5dbc876312191475,4
c9ea6324568a,5dbc876312191475,6
b8bebaddc039,82af83f587c571e1,0
325ebce7fbcb,91ed803b1a594c61,3
33e173bdfd85,c2d32a9726e5848a,2
0571a67a79ef,6e27d28709d86398,1
6baac0ce4b7e,3875233daac0346e,1
a62b8dbc5a12,3d2b477eb321798c,1
127d12a83821,9e8187840cda9f22,0
27ff94a0f7c8,637577504fe63e38,7
78c58e6dfd7a,a4e09d062c66a306,3
9cc5b6a0a280,544bf75b8f0a6ec5,7
9a558779adbd,75faacf3440a05bd,2
9db1d758eb47,85e8f3c176ea5e9f,0
ed58fc7078f8,c84b6a1d34602d92,1
65801e83664e,f2edf5d8659b9296,2
dda5f675b1b9,30d0aac19fd84b39,2
2f054b84e40b,c618ced9ad543725,2
113de0f82298,95b75ecfb3c7b353,2
014b3afaa8e2,c5800fdffd4917fb,11
eef7d7d86e08,5de07469cc66315c,5
76284741e5c0,580002dfc1ca277e,0
4648a84a30fd,8368f1fd4de64fb8,1
1d4553133b69,42a20b4455d175a5,0
b09ad548e3d3,5eb1206f75f70254,3
f5de5775d78a,786171682ae6ad2a,2
aedf95cf85cf,2f1bd9df5431c685,3
9320f422a8f3,bf591621e9274099,3
a06fcc2d0945,25053b4c1eb91cdf,0
5b7735e093f1,190bdad5e99b144f,2
3149e00f9c43,8b967edcce92231f,0
3c393f7fd7da,d14283f55ff98fe8,3
0fe2b8be94db,2192e0fcfbe25b05,2
21d44c7cc3c2,3c8aea710333f340,0
9b9afa412229,e2b1b6cf41cfbe46,3
779df3ee3872,39af16470701de5c,0
876d27c79d4c,7104fb63adba3626,2
38784e910cf0,407d3689d3eee6f1,2
6d6218e7d290,2f1bd9df5431c685,3
869549966d65,7c8e71b0c6e667ec,2
869549966d65,7c8e71b0c6e667ec,7
869549966d65,7c8e71b0c6e667ec,8
4729e336b682,fb0f73c44dcf7d7c,3
b55b4eaa81a6,d08c63795519205c,0
f53ba350ce6d,15ad39e438cdcaba,4
1aa536df4193,14232d00695aa119,1
a7ee4293ce81,6ea340c44873611b,2
f7db917c16a8,ce3fb5a8ea2a2034,1
101c06eada89,61ecce3d30694cec,13
170d36359ff8,312a369bd6a4b0fb,0
99b8fd53bfd0,2fb6358a051ca5d0,0
a42bab8352af,ec78ff669295d90d,0
1b9e45dc253b,c88a4204587eb7a1,1
09a5c5fd3abf,e93db6dad02b87a5,1
10c1aa974986,e57decb3deede438,0
3675b4c4603e,4bfe73dda32d7316,1
9589b0992138,4c863dbc2da7843a,1
c14aa7b311d2,d67172d399d59160,1
7baf8da89c72,4be1b8fbcd0d2954,2
a9d36aa067ad,b20c3c8e475585f9,0
a8dcf84ddfa4,4d0716a4190d7ff5,0
ea14df8e2bdf,b5fe1dd88df03088,0
347470b3a451,0e3c1e446249588b,5
919f11ac5397,82120df9103fbc55,0
de7c70db09f7,7cadefb71763dead,1
17ba9308f02c,56c99564c600f679,1
778fa561fd2a,4805b82e08e7f33e,2
499f9b8985b7,6fcb0f71ab854c76,2
cfdba7b5b0ee,8ea3256ee12db92d,2
9de595a44133,f19800e41a593bf0,2
b49188492ae3,9c0cacde7a0d8412,0
27157fc98b44,92edde4cede005c7,0
24ca2601ba8d,fd12b1fec4c405bd,4
9bb229dec631,8d0bc60dd9228319,2
626789941857,42ed33dfa3c3df1a,1
6758b48c0173,b952bfacd3e9fc93,2
6c6fd063bf1d,76bb3ad530451d89,1
e7aeae9e4658,178bfdadcab0df36,2
b2d6d62ab0a4,04278139f1dbcc45,1
6bec2653a36c,31c871582beaaa19,2
62438ea82a73,01b1fb79744ff4fc,8
b7b007ab31c0,82157168600e643a,4
580ab24a54db,d288845ad857bdd2,1
d41286bcc0a1,b6f544b215e20205,6
f87f3f75cd2f,e35d9106c54b3710,3
f87f3f75cd2f,e35d9106c54b3710,4
88656fa3057f,9900c283a83b2e3d,3
e2027a4f732b,179e9ed52d797edd,0
6441af38fd67,664da63572351d41,3
a26385f605e5,622774ec9465c9b9,3
698e296a28ec,2bc586c85d6c0594,4
9c6ea43db40a,f0034f1d4b0a86d9,0
9c6ea43db40a,f0034f1d4b0a86d9,1
cf411d834584,e6929ed4c43329e2,1
d35bfc6626b6,391d206c7f207c79,1
a5adefa30fe9,4b061f73523378b2,0
707e1d07ad9d,8f295d25c6d74d26,2
4d810494f158,289d6642d2a85656,2
4474df40fbda,4d67b2cd21c65692,3
c7501db31449,4400e9615025236e,4
ae6cb9dc6798,b672fe1911d67e3b,2
250f60512820,517a242914f3f081,1
9e4563454e66,6df1c11221f033a2,1
be09cd938393,c3f546b89b5e3b17,2
071585a10800,ce500584b2e186c0,1
f1f4ba1e8ee5,ae2404cc9a2cbb21,2
a065aa8a5fff,bcddaa61d696aae3,4
f44fd56c45af,f542dec033d24b00,3
d7e01ab162d2,345f100f118be488,2
007c6a9d62be,2734c45bd1154858,0
007c6a9d62be,2734c45bd1154858,1
0171d7cd3138,429c37f705ca055c,0
7a0619ab0176,771383f92299f8b4,0
cb166ec2e657,4ce98c20d50102eb,1
e078056fe581,6a1ef36b2ab737c0,4
3a0cfb9740a2,bb91104fa3221340,2
5234c9c4e02d,179e9ed52d797edd,2
ffa7440d5a30,e3bca91be10c8c64,3
a60681c4e8a3,ad4792a57a65d49c,0
7ac404fe2e72,dd686ad774ae7e7e,0
39d6d6936435,036db06c487c7398,2
16ad92504108,e7d5cb5c8285d5df,3
40f25232a7d3,b888d01bcedabda4,1
ee3fd96cd25f,714480def993aa1e,4
c63eaf40e479,0b08f147a7935f7e,1
299957864f76,e014d9741d75f693,3
90d51413ab4c,c291b4b12072a113,1
90d51413ab4c,c291b4b12072a113,2
707cd1140e77,ace2de3c2aa156e0,1
1398baf51d29,0b008466b3af6b0c,3
8d33656a309f,a670f06a18695dcf,3
01bb2bb1940e,65bcc894df1be4d7,0
78dcdb159a9f,bf73b6c7b7576613,2
afe9fd17ff02,86d3c46b1c78bd96,3
1cb18dcea26e,16e81869b466e46e,3
1cb18dcea26e,16e81869b466e46e,17
5b05d7442570,805a943db4940ee2,2
afeb341d04c9,c98e6bb1f61eb391,4
5aaec6a2955a,3db8b83dee970f14,1
b530f5a3d3e0,e1e5a16e59d97f1f,3
399597f540fc,7429dd5e21d1ec61,0
87808334fc3f,96c472ad6675ab14,0
d3f365165afd,8a447eab9112aedc,2
e22ec59ea431,1ed0f91c87ed1f7e,8
a7620c20529e,039d19f99be92b36,1
cd170c69a4f4,e20e51221aec625b,1
da5ae24da7c2,f458335f2a9b9a9a,3
5b795f0191cf,84e9fd5964ef9ff5,0
ef9c1e0683a2,db3add3f6247d977,1
32f67cd891f1,80bde6e885fc0011,1
192cca2d5a9c,11d10d04dcb451c0,3
10316906e5d9,13a60085d7322628,3
d9d5079a11b2,bc7e19bc94e0cf40,4
88ba195887c2,c5852a20f5601676,2
5ea5e54b3ec1,354f39c0be6c590b,1
a53865e2085a,1d21f9f948c00cff,5
7f5daf5defb6,e270b3872220b36f,0
18cc45af5fca,b82e1d115bcc8b76,2
d7cd5ae69d00,c9248af40ffe872f,0
bd1d5071befd,f781e3f003207900,1
14233aad31b6,8fe9bd6eaf53f30e,0
a5ae0e84377f,183b09a0c618f4b0,9
80d4b430f9db,2a3085b50bff8e89,0
160f3028c631,99b4b32ee48ce61b,1
5226311a4912,5c0b91b1e3c0aa34,3
bde69e7a2d64,31e06afe8cb02165,2
43acceff01d6,846f614930d72979,0
d03410b1b815,54a098f05a34a6f9,5
2ecbea29ebe6,9b3b5c365e9fa119,2
c735456e240a,88c05566b30b70a4,2
e89a5fc0e1cb,2a522786470c493c,1
d3fde626441a,e563d93309dabae0,0
36ce3acfd1ba,e73a1587f94ed98d,4
54d6b20685c9,9021667eda77de72,2
81fb208e07d4,c26a789d1c7d4c73,3
e9c88ab9f047,33400f48ef64ee5d,3
e206630cb3b0,e6c3611a6ed2e918,0
050f12b2f030,771206b2867eebfd,3
4bfb3e6eeff4,73c30413ce7136dd,0
e20015c2e592,243c4f0a07ff4325,2
e4958338c872,9a84655a6f061363,2
6132c3d4cad7,9e1142c309481f65,1
2917c55493e1,0524131e2eb37782,2
f2dda09e2422,5c071ca623c2af4a,2
ff38ed0bc536,af2d83b2ae561a37,0
c58d04a81796,b067a8f7851cbce8,0
d363b147af10,86329e8364457dac,3
a23b3b9cf07b,6d8060554690814b,4
3b30f5056131,10302a53b8214d58,0
db7fff00d44f,87646420e32751c3,3
37e4eddbf137,5ebc2b692a917dfc,1
42407904f299,f7f587908e018eba,0
e8c794cce52f,08b461b50b9b253f,3
699e3308313a,6fe2671b66138479,0
ae47e99f3b8b,d46b109a69dfac1f,4
9204a1c2ddf0,c8c7bc743e4240e7,0
739fc859194b,8a875e39626a8bba,2
6a424caa3ac4,7cf2416caef037ab,2
1e9a60a7e4a9,b351371fb1782d6a,0
8e7f75600026,ca98ec62c76604ad,1
772caf08eec5,d6692cb92f8f06d4,3
ff8703609b7c,d8a7c7acd4768f49,0
ce12dc3aae9e,6c96d5d6b1ef634f,1
31c542023321,cf32a979bbad4197,1
0b95d4f575a9,0b2fdcffc42bba36,0
a772aca43f19,ce0c9a4779944423,5
bba247835240,f4cc16b288d31de8,0
f4c8217e9955,d5478c91c2adf89e,3
a94810647396,b8dbbd65274699e5,2
616746e16ff3,72d27a572663e1b9,2
ce2e1da698ed,cbe00c70cadac143,0
b7753ee67aed,60be8684a3b7b1e4,1
a2f3b9aa2041,8cb2ee6d23e38ab3,0
b7ad682a2d99,f8f29e46c58466ca,1
1ea4f3a3a975,540c00660ae35779,3
3073cf5c145b,5cd8ee8f085e9f3d,1
5e57896905ec,794511e69f56cfcb,1
524fcc884ef3,9689ef547748b3dd,3
5f785eafeb8c,1cfa2bccd8319dc6,0
e2e1b36b7103,9be7230addc112ec,3
e2e1b36b7103,9be7230addc112ec,4
02f478ebe918,5808b75a299dc037,2
9a477c18b1cf,74c102ff8813a29d,0
8a6318a893dd,9f2491f3e4c17a82,1
18d1c8aed6c6,32febe24c8205bda,2
d01454c30fcc,5ac70da1abc183b9,1
28e3ac3fe600,f0ae8764f6890059,3
e1a7e4508b0c,edbabc6fc93516ea,2
e5f8508f8d48,86c2f71b769dc3bb,3
061f1edd0a21,ddc71cab5b53d099,5
5ebb4a33f288,0338972ca7877afa,5
a2863ffa1737,33cd7a9016448e47,2
fbbd388c6a30,caa4661b70d521c0,2
add9aa1dc696,c66c11a5d767de26,3
bceb9281b93e,560b04df81d24554,1
a4375a2f2c98,3cc5ac34378143d9,0
8a707d2ab01a,703f1ac336cd6a6c,3
c9603ea24099,8b120594e66c8c40,4
c9603ea24099,8b120594e66c8c40,5
7ee35c7855a8,a42e80d2733545c5,0
b93ab0fe7d43,57a1dc0e0132c3a9,0
9d429a3c5e6d,0eda523ebf412933,1
5cb84308a5e4,9fbc053b0248efe2,1
29fff41b8736,df7466a6c797c5c0,0
5ff8a48ecb8a,a0448fcd3100066c,2
acd85a11bd42,1aef1a1e3c14a59b,1
413fbc3717b9,1d313fdf86f84c96,0
4fde809998c7,c6023ee6c839f226,1
bcbf4cb92c09,046804147f571fdf,1
bb19a29db085,5682c84791d00d24,0
13e85d6fb117,dc7aa55c0932439f,1
b16517210f84,c1da7664ccfe4566,0
82a59f72554d,494ea10bb0a584bf,0
190cbaaba020,38bea45c5509e162,4
9cb1f2f9213a,69386250ba42f94f,2
96921e06b3d2,63cc75be3e3ad1df,1
cc03d03e737b,fecc1efb3d89dba3,2
2083c089f0b1,118a412284e4ede5,0
e10083774dc4,c644c10b02e40ef7,2
d6fa245d7c83,5e9a5cdf48c72b2c,3
d21def806421,7090cd0040e53c95,1
12f5b97bf943,536fbd7a0a25cdea,1
3680df3ade69,ff833872b164f9ce,2
59f50618fdcd,262ef311b05f7f08,0
e925557bed82,d7664f6a2454e136,0
dcf8a46f2355,9f624201b59c759f,2
2dca8fd3002c,eeb152fbe1ce2eb6,2
15671acff3fd,dcdd663a896965cb,3
32262b74bc7a,eeca3dc45019a57c,1
12c24b67c37c,27324e24d51cd4bf,3
f2916916944c,e4298dbde00d643c,0
adbbb94ff557,14c988fdee20e522,2
62c07e1a91cd,abe795d3e49ca5e2,0
62c07e1a91cd,abe795d3e49ca5e2,1
6ad43ae59e65,548fcdda56918905,0
1ed7b857f503,a94d6e6b9d4d7db1,2
bf90e85b42b5,1826ea39aa0a804a,2
90aa4158efc1,a01c8364f172fd35,1
61b989b53028,0e59f86b83698276,2
ccab2969e6e6,ca08cb4c0b47c49a,2
3ad4e9b8296f,1fc7b9efef814918,2
7c325dddf447,5efca4d5e1160aad,1
e1ec01ec5f51,3b91391b4fc526ae,1
d34d370a58aa,394945c8f6d1fd77,2
eec35764d795,eeca3dc45019a57c,2
2ab46251f8c7,f96cb59a56e8cf8b,2
58f793796df9,786171682ae6ad2a,1
6618b441e90e,33542ec98f3fbcde,4
6618b441e90e,33542ec98f3fbcde,12
9bb49593bc27,dab2a7e9f42677a2,2
dc595e5677c8,0da6f1d692644b07,2
26a8e6619c7c,941430b1c61251d9,2
a5e77ca4d583,17ee988ab5e81821,0
a5e77ca4d583,17ee988ab5e81821,1
37cd7f3b6e1b,fb207539d63219c3,0
ba4492e12503,0bc18df2c8686866,2
446b2e477ad3,5ede7f097b6d51fb,3
a49360e4e718,da456f27ee69529f,3
652b9c798f88,692bfeef6c6a901e,1
046ac6a44e82,5245c1a37d25caad,2
f4f805e89722,597b86341a7896ed,6
3612f28fc2a8,f155bb6d99805900,2
8cb097bb567a,ac79b3886c9250b7,3
427ee000e83b,794a04adb7949c10,1
3ad9b5722c89,9d71a16d45a1d8b3,0
02780dcf9b27,222233fdecb67105,0
e494a1c89970,39e1855bbb6b4fb1,2
0442f6b0080f,fd6e92be526ef008,2
7885be75b826,ca3b5d44aead5257,3
f4e167ab6b0e,e1026858f84e6851,0
f0cded86a984,8174161ccd9a764f,3
3d1809428598,6e835a5eec1c2830,3
59e089e03c4d,b85c4cd8aa68a29f,0
550770602855,a1d91670f16a5908,3
f42f9251ac57,1b9f3f7f65d1c4a3,0
57fec9c1c341,0f1cadb6fa985a80,2
e9781d31408e,a92ac90be5ec59ca,3
d52edfedb500,884c0a7fdddb80e7,1
3e8b32c1b428,ea0d8dfb8f8d6f62,0
3e8b32c1b428,ea0d8dfb8f8d6f62,1
51b8c1bc86e3,4c863dbc2da7843a,0
44d953e426eb,e18affd93abf534c,3
b6cbf3a97f11,d53ed5f7038fe5f2,2
bfb7dc115593,4519715293725781,3
d274087ca79a,796a91524f05dfe7,1
0a3991d94c67,a57332aa2fef96be,0
3ab9d68e07c2,04208070d120d176,2
c417a4a2a5c1,70db624e8f054bab,0
76f3ffb48c15,e8bcd082c61b6609,0
3b28e0056030,b05ac5d091d1c32c,5
2022f48099ce,09d6de5cbf710c0e,1
8718f9472721,5f60e102f1450db2,0
add3a6e9df73,5a46af579e82f3cd,0
add3a6e9df73,5a46af579e82f3cd,1
349fe8cca5bc,64aac0d9e226c390,0
b4b597c996f2,b4b436895a130e49,6
5ed959595e44,c81ac0ddec5707b8,5
20cafd81e08d,899a53c90c888f6f,1
363350a27432,9658785e36ad9773,2
0e20531803b1,3e7e4a9630ba079c,0
67b564ba3b64,e041bd4780b162af,3
b2c4c79f5e4a,ce59be9b3a1545a0,0
f0f9873f1f6d,1e2f659b4ed4b295,0
be044e4d5bec,39b07ea23730d178,2
bb020728a01d,769843218832cdfa,0
42daf57bda1a,c810304d3c8cd44d,0
42daf57bda1a,c810304d3c8cd44d,1
1128aa4b27bf,ef8a0c0dfaffcb45,2
2cf52a671977,24231370212fbe34,0
2cf52a671977,24231370212fbe34,1
47904b8e6de4,8c2071bd5864158d,4
6fe39a7ec10a,5e71dda090cb9fee,0
db71e78c6ffb,75fab38f1277ccbf,4
5690d9b828d3,7f139061f906672c,0
e32d723b2059,624aae1020dd3dbd,1
6d1ab8bb77f6,5764764a05608a11,2
380b3e050aff,fe9e8d9654e63e04,3
d86aed92bcba,82120a82f20637a2,3
ef5e445e4701,6d97d3d53e97cdaf,0
459b694269de,0f32d74e2bbbde74,5
5f6b17707a72,dad05922743095aa,1
d40e55a32243,88fe71ccdb96ca2f,4
8bf5967fe22e,3ae40e7478f865bd,0
d3992a0f7819,298c6ffd7ffe41b2,10
8e1ebf617bc4,e067981b0e0bda52,0
842fe1d25858,87d04f19dd631271,0
e5884f3fe8bc,c517d9d721e2a2c7,0
1eaa90182071,b22cc670218380b7,0
caddc45615ef,3f7f25ebfde08fa8,3
03242c342219,c398fa146df2183f,2
b976d5e349cc,399152cdfc931a2e,4
add4a4c89c57,a36da6feb7da195d,3
23325cab5946,43657116f892eea4,6
ec30d5fe8293,cc83ccbb88fb617c,2
fda09a5f1a6d,5c38562154ff0a45,0
3fa2935c3020,7920e71f52696208,3
684c28cb82bb,5bb5be2edd188750,1
75c1a8f20fbe,1e1fff6baa4a2466,0
f9654d3ebf2e,cdf3674928f327d7,2
ef728f1c4bb7,3ebb8ab8504078d0,3
07b5d5a99a17,2833b7928a1aa239,4
282c4e841f30,6075813eafad777e,2
538f41b727ed,7580a205a3c43428,6
61049019cfb1,7db359ffea24c34b,0
9eb2487a08e6,b264c28919db97cc,0
704507b6145b,9f42fbd5c12653b3,1
bf2fcb5775b8,d71988e038fafdfa,1
8845724372fa,d2b73c27e0b8ec06,3
33a6d7ea99d4,c3ab97b87d298bbc,5
33a6d7ea99d4,c3ab97b87d298bbc,6
02d4226f56a3,3c475e73b8196ed3,1
89b22c38becf,f2f4d4c526b87f3b,6
89b22c38becf,f2f4d4c526b87f3b,7
7bbad0846dc8,1601ac3d57d66bf5,0
8e51c3bbbd79,e1a6deac7b3668cf,2
db0edd74a834,545715ed9ba250d6,1
1cd39e6e1e02,6eccbd8c88c3699c,0
f2b916706b8d,e7491851e4db731a,2
5f77d47dcd3e,0151cb47ab255c76,3
0db52c6d7d09,b86ac7e54d70ca7c,7
a69c8e8875ba,921c38fa380e12e6,6
a04b0cc27f88,a46cedae696a0be3,4
0554d9a7c4fc,b534f84c7acd8550,3
2b33896e5316,b0ab96e768d0688b,3
62cbd70e52f0,52e07a1c94a7c264,1
799f4066cba7,34659f365615342d,2
b289fef83232,dd11b36656c9c2ea,0
515732be9708,ad4cbce26469d144,0
84fcfdb45357,1d9789bb810dd355,3
88eff8740648,af0e366876f8fa8b,1
435978b5ae7f,ff961904f6992b53,0
62e190fb5267,9b7ef53093ff9310,2
605c1a30b432,d51b14c6ca11cb7c,2
d23be083572e,ddb7451f5f2e4a1c,0
333bda1499dc,247db0f94407063b,5
9e87fcbb34e7,3ba65861ce9fa912,0
365dc623400c,14280961bb3d30e9,0
8ec0b9bd49ce,6ba5a17660c615f8,2
b0f5cd47f6e0,f6cde1a2bd0ce12d,2
2566f3ea25aa,b628e1be6c01e4f6,3
b9fb71459cb9,e0616523c35a8f3d,0
797535d22354,31e6e36db376fe0d,2
60ab6640a458,9244fbaa807b33d3,1
7af612b5370a,da1d42a38773bc1a,2
cbe81135df88,9188e350326264b9,3
4b2941652ed0,5ba7c430040beb90,1
993105511e12,fe4f1cd22409d661,1
826b182c7203,6b02bf37d1310771,1
cc376069b579,a66483fbef3304d8,0
bd13f457a995,f1a7a06c9015b2c2,1
68e9bdd5597e,66b4eedd4d0e0683,2
2b8a2141aa53,285865ef30eb249a,2
db140b3353fb,66df74489fd0e523,2
80d4cf4878bb,8de8c88c96f6e0a0,3
93ab6e5c92cc,7afdbaca57bffa0b,4
9830588bdb08,410635c02eaf3b75,2
5eea0d571f43,355874c218219191,2
5eea0d571f43,355874c218219191,9
60a3cc003683,f3b54873e61885fe,2
38bc30a1657c,e5762065a73a113c,0
c6c4ea69e3be,da07adfafe12f15e,2
20b4ef787774,647a70ec4f047574,1
b56cdf734587,28c0496d0a754e35,3
d04eba3162bc,515592d8e2158f07,3
ba4c97ab499d,12ac4b94638fc558,0
96c05ee95079,66916c88122bf939,0
55202006e10a,9b07dd7aadd0cf73,4
45eb9cb8d83b,82302867eaced71e,3
9fa673f3dc26,d7c2a645f04e7609,0
a4202a26198c,1b9f3f7f65d1c4a3,0
a4202a26198c,1b9f3f7f65d1c4a3,1
af3eb29c5b2c,d86601dd478da212,1
2f8c57f3bc3d,664a8f54fb2408c1,12
7be086a9cf92,a434e1fbd2d85275,0
c7f074c194ce,6391bdb9dd6fa474,0
3f03797bce37,a1871cde83e44b90,4
a6c9f0fa54ae,e647dd0c587492f7,2
148c845e9128,0f91de78b7aab708,3
a00e01cb73b2,129aed08745af92d,2
f31485821c99,d42a7e0a0a0d3580,0
42fdcfab27df,96d639713c1fa908,1
a2a12cd0a744,191684f8f17f6441,0
20597dce0ba3,0e1b6c6671958b5a,3
be81dc927487,b8ea59d860ba3d25,1
9da562265bdd,6c2ae0024f19747e,1
e78f3230a2b0,1b869959812b4847,1
a31e35a9d5b3,6097e0e926e6b80b,4
a50ed68d18da,2e48f0bef70a82d2,0
d6be79f75e5a,3a3c362ef6ab40f2,4
f9bbd222908b,35b14eea8ddf2916,1
b813a5758bf6,036acd30e66b4e04,1
6920d731b5bd,11660d34ab106670,2
d5db69d62050,9f699056bfc268c8,3
2118e4b4890a,6032a2e5be2929c2,1
25c1ae990523,4268d6b516312338,3
3f452432089c,a4c922500c2cf19e,0
c2915b0e176e,ea4a7b3b27f6a489,4
651da03c1256,523bd6abe14c7184,1
4c89cbe80dc1,52176058588f8b9b,1
c376ff95a461,3e508d4171e793fc,0
adef388d33d7,e63bb60baf36d38a,2
adef388d33d7,e63bb60baf36d38a,8
ac541f9b17d9,294d7ec031f9406f,1
99bb1dd240b4,51ae85e19c1798a2,1
5bd6b05b20ba,face012b7a598770,2
ec485f4f2684,0618c3d51d76ad41,2
773fc5342d8f,c6b34d4b5381be8b,2
5c69d374e60a,724d4b65b5efaf52,1
99d4086c4820,f330811b6bd18795,3
95bde58e63b4,62cbdd7b70621826,2
cb2bca0e43df,7091b866eeb295ea,6
e9a68bdf4d05,20cdd561a4d9fca0,1
ca6dbd04640b,7e12a39ce496abe5,2
9ee05cf6d526,7ef1642ced39d4f8,3
f018e5348407,83b7632a42c82d52,3
f1f3625073e7,fee4573001d20b2f,0
3b62e1ea55c3,420982d673219dcd,4
878bee46932e,07ce2bb1a5d748dc,1
79b1e4bd3ffa,b2f642e29b332870,3
cb7111b3e816,4ebc5442697543e8,1
2531cdb7bfe5,6f0ea46605c50349,0
d7ace08a9dd0,b4f2ad87f9ed4402,0
f75decb7aef0,04317684f42ac251,2
420d5e8b0c74,6c1817de4db969c6,0
a7dcf1fa708b,11eeeef87b5daad1,1
e468fe37e53d,5581b1a7b738181f,3
e6893a2a2e8d,94197c7fcd4758ac,4
cad9764d3d78,871ea2885ef9967f,4
7a54b8e88661,af107312a56fc0a4,4
c4c1b1c507af,5805ab0bc9933594,0
4b19af467c0b,1c99034cfe28fcdb,1
fb5f506c6026,b4c5b64100c3cbe9,1
579de2444eb7,13dcccf6b2fecd46,0
b290438a3c70,47755ae435a77937,0
